,cpu_load,mem_avail,timestamp,run
0,43.2,26382594048,1526043438554.2869,0
1,38.8,26380808192,1526043438753.7449,0
2,45.6,26380148736,1526043438951.8486,0
3,41.5,26376036352,1526043439152.029,0
4,41.6,26376314880,1526043439351.9282,0
5,41.1,26376593408,1526043439551.7358,0
6,43.2,26376232960,1526043439751.6792,0
7,42.1,26375933952,1526043439951.6145,0
8,42.6,26376036352,1526043440151.3518,0
9,40.7,26375933952,1526043440351.6418,0
10,44.3,26376204288,1526043440551.7646,0
11,36.0,26376622080,1526043440751.5615,0
12,41.3,26376138752,1526043440951.4065,0
13,38.2,26375786496,1526043441151.718,0
14,43.2,26376953856,1526043441351.5803,0
15,39.6,26375909376,1526043441551.465,0
16,43.0,26375733248,1526043441751.529,0
17,40.4,26376273920,1526043441951.7568,0
18,42.9,26375618560,1526043442151.6082,0
19,41.6,26376192000,1526043442351.4072,0
20,39.9,26376097792,1526043442551.5222,0
21,44.7,26375921664,1526043442751.3818,0
22,41.7,26375643136,1526043442951.2915,0
23,38.5,26375032832,1526043443151.4326,0
24,42.6,26375315456,1526043443351.5618,0
25,43.2,26375593984,1526043443551.5293,0
26,48.2,26375790592,1526043443751.5977,0
27,40.5,26375856128,1526043443951.5132,0
28,43.3,26341261312,1526043444152.1377,0
29,44.7,26333151232,1526043444352.1365,0
30,51.3,26331553792,1526043444552.016,0
31,44.0,26330292224,1526043444751.805,0
32,52.3,26332790784,1526043444953.7495,0
33,51.4,26330808320,1526043445151.3977,0
34,60.3,26324066304,1526043445353.6406,0
35,54.7,26322800640,1526043445551.4077,0
36,54.7,26324078592,1526043445751.369,0
37,53.4,26324287488,1526043445952.6204,0
38,56.1,26322608128,1526043446151.5154,0
39,60.5,26319654912,1526043446352.2393,0
40,56.6,26316869632,1526043446551.295,0
41,58.4,26314440704,1526043446751.97,0
42,53.8,26314735616,1526043446951.454,0
43,61.2,26314330112,1526043447151.4375,0
44,65.2,26308919296,1526043447354.91,0
45,66.9,26304335872,1526043447552.8845,0
46,62.7,26304045056,1526043447751.2163,0
47,59.2,26306052096,1526043447951.3845,0
48,62.7,26306433024,1526043448151.3872,0
49,67.3,26298167296,1526043448351.7874,0
50,75.2,26295058432,1526043448554.5269,0
51,69.9,26296946688,1526043448751.6533,0
52,70.4,26293817344,1526043448951.6973,0
53,70.5,26293710848,1526043449151.464,0
54,73.7,26291834880,1526043449354.4607,0
55,71.4,26294235136,1526043449554.8098,0
56,68.3,26293166080,1526043449752.4482,0
57,67.5,26295439360,1526043449953.2532,0
58,62.4,26294734848,1526043450153.5698,0
59,79.9,26279698432,1526043450361.7092,0
60,81.8,26279817216,1526043450555.2913,0
61,79.2,26280243200,1526043450758.3518,0
62,82.0,26279518208,1526043450955.5334,0
63,82.7,26276372480,1526043451154.866,0
64,87.6,26269261824,1526043451353.3792,0
65,89.7,26266710016,1526043451553.31,0
66,85.5,26266615808,1526043451754.3884,0
67,81.3,26266861568,1526043451954.33,0
68,87.0,26267623424,1526043452151.8232,0
69,90.7,26259595264,1526043452357.7454,0
70,90.2,26258444288,1526043452554.5444,0
71,91.4,26260201472,1526043452753.6284,0
72,85.4,26259054592,1526043452954.127,0
73,89.7,26261118976,1526043453153.6377,0
74,91.2,26253799424,1526043453354.847,0
75,93.0,26249441280,1526043453558.4836,0
76,88.8,26248192000,1526043453751.81,0
77,90.1,26244677632,1526043453952.6619,0
78,94.4,26247565312,1526043454152.4292,0
79,90.8,26248507392,1526043454353.1409,0
80,92.1,26246905856,1526043454551.9976,0
81,91.8,26253651968,1526043454754.516,0
82,89.1,26253328384,1526043454957.7583,0
83,91.7,26252550144,1526043455157.6755,0
84,93.7,26254045184,1526043455361.689,0
85,93.3,26251235328,1526043455557.8765,0
86,92.5,26251616256,1526043455752.738,0
87,93.2,26252746752,1526043455953.7388,0
88,94.2,26254364672,1526043456154.4512,0
89,90.4,26247208960,1526043456354.0618,0
90,96.1,26248589312,1526043456553.087,0
91,95.8,26247557120,1526043456757.679,0
92,84.5,26249646080,1526043456951.8384,0
93,95.7,26248548352,1526043457157.801,0
94,94.1,26252812288,1526043457351.393,0
95,92.6,26245509120,1526043457555.2598,0
96,96.8,26241597440,1526043457753.6155,0
97,93.1,26246811648,1526043457953.7522,0
98,95.0,26245734400,1526043458161.6787,0
99,94.1,26249584640,1526043458357.795,0
100,94.2,26246303744,1526043458557.761,0
101,94.2,26246012928,1526043458760.9426,0
102,87.3,26249977856,1526043458957.7932,0
103,95.5,26243870720,1526043459157.8394,0
104,92.2,26248323072,1526043459353.4917,0
105,90.3,26247213056,1526043459553.6367,0
106,91.7,26246721536,1526043459759.1252,0
107,93.5,26248073216,1526043459953.9326,0
108,93.6,26245201920,1526043460154.9856,0
109,92.5,26245468160,1526043460355.1296,0
110,89.9,26243526656,1526043460552.7668,0
111,93.3,26251034624,1526043460757.7117,0
112,95.6,26248413184,1526043460958.1392,0
113,92.8,26247524352,1526043461153.6855,0
114,94.2,26251112448,1526043461356.6235,0
115,88.3,26249531392,1526043461552.5146,0
116,92.1,26244096000,1526043461757.708,0
117,94.1,26244702208,1526043461952.3018,0
118,92.4,26242105344,1526043462154.1536,0
119,96.2,26244173824,1526043462355.412,0
120,92.8,26248224768,1526043462551.7646,0
121,93.8,26243547136,1526043462757.6848,0
122,93.4,26253643776,1526043462957.671,0
123,94.8,26244194304,1526043463155.5166,0
124,92.4,26244644864,1526043463357.5845,0
125,88.3,26248912896,1526043463557.673,0
126,94.4,26247106560,1526043463761.8154,0
127,93.2,26245910528,1526043463953.0684,0
128,94.9,26247839744,1526043464151.5017,0
129,93.2,26245500928,1526043464354.1692,0
130,92.5,26233741312,1526043464557.6562,0
131,96.2,26242629632,1526043464757.889,0
132,90.2,26244657152,1526043464953.5627,0
133,94.3,26242920448,1526043465157.4846,0
134,92.7,26240528384,1526043465356.0105,0
135,91.7,26238349312,1526043465552.1736,0
136,87.3,26237177856,1526043465758.6182,0
137,93.4,26242879488,1526043465955.211,0
138,90.6,26239299584,1526043466153.425,0
139,93.7,26237616128,1526043466355.3774,0
140,95.0,26245439488,1526043466557.691,0
141,94.9,26244943872,1526043466753.7922,0
142,91.3,26246901760,1526043466958.3232,0
143,92.0,26249965568,1526043467155.419,0
144,92.9,26246287360,1526043467356.0002,0
145,91.1,26248413184,1526043467553.6436,0
146,94.1,26251386880,1526043467752.7542,0
147,93.8,26248015872,1526043467954.8218,0
148,90.3,26255155200,1526043468153.9512,0
149,88.8,26250899456,1526043468354.4485,0
150,91.3,26251063296,1526043468552.9905,0
151,92.1,26259484672,1526043468755.166,0
152,94.9,26250575872,1526043468952.4119,0
153,95.6,26250821632,1526043469152.375,0
154,97.5,26233520128,1526043469351.7698,0
155,96.2,26248237056,1526043469556.4626,0
156,93.0,26250092544,1526043469753.5657,0
157,91.6,26250137600,1526043469954.2864,0
158,86.9,26245185536,1526043470153.7532,0
159,88.7,26250383360,1526043470353.4988,0
160,91.1,26246967296,1526043470557.8188,0
161,94.8,26241851392,1526043470752.0332,0
162,86.8,26249293824,1526043470951.8037,0
163,93.8,26246578176,1526043471153.8516,0
164,92.6,26249031680,1526043471357.0378,0
165,94.3,26246000640,1526043471558.364,0
166,93.6,26241404928,1526043471757.7668,0
167,88.7,26241970176,1526043471954.3418,0
168,94.9,26243690496,1526043472154.1448,0
169,91.8,26246021120,1526043472357.7676,0
170,89.5,26242244608,1526043472551.47,0
171,92.5,26245275648,1526043472756.4744,0
172,87.1,26244902912,1526043472954.309,0
173,90.0,26244284416,1526043473151.4966,0
174,89.8,26245267456,1526043473351.1484,0
175,92.6,26242912256,1526043473557.7559,0
176,89.0,26249015296,1526043473752.5532,0
177,88.6,26245292032,1526043473954.3623,0
178,89.7,26249011200,1526043474154.558,0
179,86.0,26243739648,1526043474353.2417,0
180,88.7,26244534272,1526043474551.435,0
181,94.4,26250682368,1526043474751.6497,0
182,83.6,26247692288,1526043474952.6248,0
183,89.0,26244734976,1526043475156.9922,0
184,87.7,26243784704,1526043475357.7668,0
185,92.8,26243174400,1526043475557.7646,0
186,88.4,26247229440,1526043475754.5493,0
187,89.7,26245349376,1526043475952.0715,0
188,90.3,26250018816,1526043476154.3389,0
189,90.4,26246094848,1526043476357.667,0
190,90.3,26245668864,1526043476551.6064,0
191,91.3,26245271552,1526043476754.4917,0
192,91.7,26245550080,1526043476952.0742,0
193,93.3,26245062656,1526043477158.3645,0
194,86.0,26248929280,1526043477354.106,0
195,88.4,26245623808,1526043477559.86,0
196,91.7,26239770624,1526043477757.685,0
197,90.3,26240069632,1526043477954.3037,0
198,88.5,26243334144,1526043478155.0776,0
199,91.7,26243551232,1526043478353.4678,0
200,94.8,26240491520,1526043478553.4585,0
201,93.7,26241351680,1526043478758.6392,0
202,91.7,26241167360,1526043478957.7212,0
203,91.1,26243731456,1526043479157.1558,0
204,89.9,26245894144,1526043479351.5781,0
205,90.4,26249506816,1526043479551.3728,0
206,89.3,26245877760,1526043479751.9631,0
207,93.1,26244485120,1526043479956.964,0
208,90.3,26248822784,1526043480155.2332,0
209,92.2,26246492160,1526043480351.7097,0
210,90.7,26248704000,1526043480557.6147,0
211,88.3,26249981952,1526043480757.6863,0
212,90.8,26246205440,1526043480951.8047,0
213,91.0,26247376896,1526043481152.051,0
214,82.8,26249740288,1526043481352.756,0
215,90.0,26248773632,1526043481551.6338,0
216,84.9,26250956800,1526043481752.7834,0
217,89.1,26247774208,1526043481957.7268,0
218,89.2,26247680000,1526043482157.8,0
219,94.3,26242408448,1526043482357.738,0
220,89.6,26249183232,1526043482555.6018,0
221,92.2,26245574656,1526043482752.654,0
222,95.2,26245804032,1526043482957.864,0
223,91.4,26252447744,1526043483154.7732,0
224,89.2,26245746688,1526043483357.7937,0
225,95.5,26248912896,1526043483553.643,0
226,91.6,26246385664,1526043483754.657,0
227,94.2,26242359296,1526043483955.2097,0
228,93.0,26249232384,1526043484152.223,0
229,86.5,26246631424,1526043484353.1177,0
230,91.7,26245361664,1526043484555.5532,0
231,95.5,26239160320,1526043484753.588,0
232,91.7,26243457024,1526043484953.5957,0
233,88.7,26250162176,1526043485152.795,0
234,91.8,26243592192,1526043485355.9678,0
235,89.7,26245898240,1526043485557.7405,0
236,86.4,26281218048,1526043485753.87,0
237,91.8,26278350848,1526043485958.4412,0
238,92.6,26280980480,1526043486151.5684,0
239,86.8,26281009152,1526043486357.7966,0
240,87.3,26284888064,1526043486557.8044,0
241,91.6,26280583168,1526043486753.299,0
242,92.7,26284564480,1526043486951.704,0
243,84.8,26280042496,1526043487151.5364,0
244,90.2,26280013824,1526043487353.7104,0
245,84.5,26284683264,1526043487552.1392,0
246,86.3,26281107456,1526043487761.6772,0
247,83.3,26281365504,1526043487952.4158,0
248,83.3,26280734720,1526043488153.58,0
249,82.9,26281230336,1526043488354.1985,0
250,89.0,26279137280,1526043488554.7444,0
251,88.9,26277687296,1526043488753.8618,0
252,87.5,26281177088,1526043488952.2063,0
253,91.2,26277457920,1526043489154.5715,0
254,89.0,26282004480,1526043489353.506,0
255,89.9,26277412864,1526043489552.6768,0
256,90.4,26280603648,1526043489753.5369,0
257,87.3,26276728832,1526043489954.9905,0
258,89.0,26276675584,1526043490153.626,0
259,88.9,26279018496,1526043490355.6108,0
260,90.4,26277064704,1526043490553.574,0
261,83.6,26279919616,1526043490751.9355,0
262,82.9,26277781504,1526043490953.3474,0
263,88.1,26279436288,1526043491154.8767,0
264,86.8,26280419328,1526043491352.0664,0
265,91.0,26279497728,1526043491554.7334,0
266,87.8,26282852352,1526043491753.7334,0
267,86.1,26280099840,1526043491954.3728,0
268,86.5,26278752256,1526043492155.952,0
269,90.6,26280185856,1526043492352.402,0
270,90.1,26279575552,1526043492553.3674,0
271,88.4,26283384832,1526043492751.4036,0
272,89.0,26276548608,1526043492961.6982,0
273,89.3,26279112704,1526043493154.4446,0
274,85.3,26280968192,1526043493353.6345,0
275,86.7,26280833024,1526043493551.8127,0
276,84.4,26280894464,1526043493753.5889,0
277,90.4,26276720640,1526043493953.3213,0
278,91.2,26279665664,1526043494153.3926,0
279,88.1,26276114432,1526043494357.8271,0
280,92.9,26275749888,1526043494556.907,0
281,88.2,26279346176,1526043494751.907,0
282,88.7,26283925504,1526043494957.7056,0
283,85.2,26279133184,1526043495154.2732,0
284,87.7,26283819008,1526043495353.3203,0
285,84.1,26280759296,1526043495552.74,0
286,84.1,26286624768,1526043495751.6152,0
287,84.0,26282041344,1526043495955.8015,0
288,83.0,26285891584,1526043496151.7722,0
289,87.1,26282782720,1526043496354.729,0
290,92.4,26279890944,1526043496554.3115,0
291,89.8,26286592000,1526043496757.8271,0
292,84.4,26283589632,1526043496953.6614,0
293,91.4,26284359680,1526043497158.7068,0
294,91.9,26283278336,1526043497352.6665,0
295,93.2,26280841216,1526043497554.4265,0
296,89.2,26288099328,1526043497754.3633,0
297,96.2,26281394176,1526043497957.0818,0
298,94.8,26278551552,1526043498152.6743,0
299,93.9,26283700224,1526043498353.6782,0
300,92.3,26282012672,1526043498554.8018,0
301,94.2,26283708416,1526043498752.6094,0
302,92.3,26283851776,1526043498955.0923,0
303,88.6,26282074112,1526043499156.9136,0
304,89.3,26281238528,1526043499353.6846,0
305,91.2,26283782144,1526043499557.6775,0
306,88.2,26282156032,1526043499754.4702,0
307,90.2,26280681472,1526043499951.289,0
308,90.6,26280534016,1526043500155.5095,0
309,92.3,26279817216,1526043500354.2776,0
310,91.4,26279731200,1526043500552.231,0
311,90.5,26282508288,1526043500751.5198,0
312,92.0,26277580800,1526043500957.065,0
313,93.5,26275717120,1526043501155.0537,0
314,91.7,26277888000,1526043501357.722,0
315,92.9,26280849408,1526043501557.8647,0
316,88.5,26278744064,1526043501752.7354,0
317,89.2,26275635200,1526043501951.6377,0
318,91.7,26280665088,1526043502155.0986,0
319,93.3,26278010880,1526043502363.0583,0
320,91.0,26280570880,1526043502561.5408,0
321,93.2,26279010304,1526043502757.7583,0
322,91.0,26279866368,1526043502953.694,0
323,88.7,26281844736,1526043503157.9143,0
324,93.5,26275848192,1526043503353.6152,0
325,93.0,26276564992,1526043503557.8752,0
326,89.5,26280157184,1526043503751.9558,0
327,90.1,26277625856,1526043503959.7793,0
328,92.6,26278223872,1526043504161.667,0
329,93.4,26272661504,1526043504357.5916,0
330,93.5,26279002112,1526043504553.6045,0
331,87.5,26282864640,1526043504761.7031,0
332,94.0,26278318080,1526043504954.4358,0
333,91.0,26282299392,1526043505154.2805,0
334,92.5,26278699008,1526043505361.6997,0
335,94.8,26280763392,1526043505554.9497,0
336,86.9,26282446848,1526043505756.269,0
337,90.1,26277801984,1526043505957.715,0
338,94.3,26279342080,1526043506158.4917,0
339,93.5,26279632896,1526043506353.5537,0
340,93.4,26286325760,1526043506552.5095,0
341,88.4,26279796736,1526043506757.8252,0
342,94.1,26277933056,1526043506954.78,0
343,91.2,26283118592,1526043507155.8662,0
344,92.9,26280366080,1526043507351.9094,0
345,91.1,26274840576,1526043507551.7751,0
346,89.2,26246041600,1526043507755.88,0
347,89.8,26249420800,1526043507953.7478,0
348,89.2,26247184384,1526043508157.9175,0
349,91.8,26244718592,1526043508358.1167,0
350,91.5,26242772992,1526043508555.8303,0
351,87.6,26247434240,1526043508753.4905,0
352,84.3,26247913472,1526043508954.31,0
353,83.6,26248556544,1526043509154.8828,0
354,78.7,26248290304,1526043509353.7434,0
355,76.3,26251427840,1526043509555.0881,0
356,72.7,26252304384,1526043509752.2285,0
357,76.8,26249596928,1526043509954.2134,0
358,78.3,26249437184,1526043510157.7642,0
359,75.3,26250776576,1526043510351.431,0
360,62.7,26248126464,1526043510553.9958,0
361,64.7,26251214848,1526043510751.3025,0
362,65.8,26249535488,1526043510951.8618,0
363,67.5,26250973184,1526043511152.4404,0
364,59.6,26254024704,1526043511354.0186,0
365,58.0,26254082048,1526043511553.423,0
366,61.4,26253938688,1526043511751.5027,0
367,59.1,26251948032,1526043511954.8418,0
368,56.8,26252136448,1526043512152.845,0
369,57.9,26254315520,1526043512351.695,0
370,57.6,26254409728,1526043512551.3398,0
371,63.4,26249859072,1526043512757.6675,0
372,65.2,26248548352,1526043512951.78,0
373,58.5,26249523200,1526043513152.483,0
374,59.9,26251513856,1526043513351.811,0
375,55.5,26252144640,1526043513551.366,0
376,56.3,26251808768,1526043513751.4036,0
377,55.0,26252677120,1526043513953.2134,0
378,50.0,26250240000,1526043514151.8882,0
379,52.0,26253697024,1526043514351.492,0
380,50.3,26254344192,1526043514551.3513,0
381,48.3,26253676544,1526043514751.4238,0
382,46.5,26252607488,1526043514952.624,0
383,51.6,26251550720,1526043515151.7458,0
384,48.4,26259763200,1526043515351.426,0
385,47.4,26261164032,1526043515551.5757,0
386,45.0,26259865600,1526043515751.6165,0
387,49.0,26256293888,1526043515954.2441,0
388,40.6,26256187392,1526043516151.4692,0
389,41.9,26259701760,1526043516352.1382,0
390,42.8,26295238656,1526043516551.39,0
391,42.9,26294968320,1526043516751.6812,0
392,43.7,26295898112,1526043516951.3755,0
393,42.2,26295365632,1526043517151.4517,0
394,39.9,26295320576,1526043517351.251,0
395,52.9,26296758272,1526043519068.7332,1
396,42.1,26294304768,1526043519268.304,1
397,38.7,26295484416,1526043519466.1648,1
398,44.7,26295144448,1526043519666.2097,1
399,43.1,26290868224,1526043519866.4304,1
400,41.6,26290892800,1526043520066.2407,1
401,39.5,26291425280,1526043520265.8838,1
402,40.8,26291195904,1526043520466.0078,1
403,44.7,26291343360,1526043520666.065,1
404,40.0,26291003392,1526043520865.9182,1
405,40.7,26291408896,1526043521066.096,1
406,41.1,26291175424,1526043521265.9668,1
407,41.6,26290692096,1526043521465.9082,1
408,40.7,26291322880,1526043521666.0432,1
409,39.5,26290946048,1526043521866.1584,1
410,39.0,26291388416,1526043522066.0884,1
411,40.4,26291793920,1526043522265.9658,1
412,41.1,26291253248,1526043522466.0232,1
413,41.2,26291339264,1526043522666.6626,1
414,39.6,26291163136,1526043522865.9636,1
415,39.5,26290425856,1526043523066.0544,1
416,38.2,26290839552,1526043523265.942,1
417,40.3,26291081216,1526043523466.1206,1
418,39.5,26290683904,1526043523666.2625,1
419,42.1,26291171328,1526043523866.0168,1
420,43.9,26291326976,1526043524066.0825,1
421,41.4,26291351552,1526043524265.9668,1
422,40.9,26290741248,1526043524466.2332,1
423,39.5,26290642944,1526043524665.9717,1
424,45.7,26254639104,1526043524866.657,1
425,49.1,26253578240,1526043525066.478,1
426,45.7,26253508608,1526043525273.8218,1
427,51.7,26253901824,1526043525466.3203,1
428,45.5,26253541376,1526043525666.2146,1
429,50.0,26249986048,1526043525866.1738,1
430,58.7,26249388032,1526043526070.143,1
431,53.7,26246402048,1526043526273.7578,1
432,52.6,26252546048,1526043526466.2273,1
433,55.5,26252701696,1526043526666.1814,1
434,54.1,26251337728,1526043526866.1292,1
435,63.5,26249031680,1526043527073.4658,1
436,60.0,26249572352,1526043527266.1296,1
437,59.7,26249449472,1526043527469.6396,1
438,47.8,26248884224,1526043527668.9834,1
439,61.3,26248519680,1526043527866.1355,1
440,65.1,26245804032,1526043528067.8086,1
441,68.2,26248818688,1526043528266.907,1
442,64.7,26244984832,1526043528466.1743,1
443,63.9,26245664768,1526043528666.2231,1
444,60.7,26245722112,1526043528869.5415,1
445,70.8,26245128192,1526043529070.211,1
446,72.6,26244681728,1526043529273.7173,1
447,70.4,26249338880,1526043529466.0002,1
448,70.6,26245644288,1526043529670.234,1
449,73.4,26242834432,1526043529867.4385,1
450,79.9,26238345216,1526043530066.2412,1
451,79.5,26234908672,1526043530266.6973,1
452,80.3,26238672896,1526043530469.6155,1
453,77.6,26239606784,1526043530670.2705,1
454,76.0,26241118208,1526043530867.389,1
455,81.1,26239815680,1526043531069.9368,1
456,81.8,26236583936,1526043531266.7903,1
457,81.8,26242433024,1526043531466.3564,1
458,72.5,26244939776,1526043531668.4634,1
459,82.7,26246348800,1526043531867.4146,1
460,86.6,26240356352,1526043532066.186,1
461,88.8,26243391488,1526043532269.7568,1
462,86.0,26245009408,1526043532466.7185,1
463,84.7,26244481024,1526043532666.2742,1
464,82.6,26243604480,1526043532870.295,1
465,88.2,26239938560,1526043533069.7795,1
466,91.5,26236588032,1526043533266.3755,1
467,89.6,26238656512,1526043533468.2285,1
468,85.8,26234400768,1526043533669.6592,1
469,90.4,26232025088,1526043533866.4265,1
470,90.6,26233720832,1526043534069.679,1
471,95.5,26233724928,1526043534269.739,1
472,90.8,26234445824,1526043534469.8054,1
473,89.3,26233139200,1526043534667.999,1
474,90.4,26227658752,1526043534867.9534,1
475,87.0,26234220544,1526043535069.8389,1
476,83.4,26229764096,1526043535273.7495,1
477,88.2,26232418304,1526043535470.354,1
478,87.7,26233118720,1526043535674.835,1
479,86.1,26234650624,1526043535870.468,1
480,89.9,26234466304,1526043536067.8662,1
481,88.2,26234703872,1526043536268.5022,1
482,91.4,26239373312,1526043536469.7295,1
483,94.4,26232733696,1526043536673.7664,1
484,94.9,26232426496,1526043536870.281,1
485,93.1,26234613760,1526043537070.35,1
486,93.5,26231709696,1526043537266.9563,1
487,94.9,26225754112,1526043537467.6902,1
488,91.0,26238914560,1526043537672.7842,1
489,93.9,26232418304,1526043537872.691,1
490,95.5,26231771136,1526043538071.583,1
491,89.5,26228731904,1526043538270.5166,1
492,94.3,26225844224,1526043538469.7126,1
493,90.6,26237644800,1526043538669.8862,1
494,92.9,26232737792,1526043538869.7434,1
495,97.4,26231607296,1526043539069.7207,1
496,91.8,26235813888,1526043539272.6204,1
497,94.2,26234159104,1526043539467.0903,1
498,94.4,26237038592,1526043539670.5986,1
499,92.9,26235830272,1526043539867.6018,1
500,93.7,26232926208,1526043540071.5337,1
501,91.7,26231066624,1526043540266.4312,1
502,92.0,26229129216,1526043540470.6433,1
503,94.2,26232647680,1526043540671.9502,1
504,94.1,26229850112,1526043540866.5469,1
505,88.7,26236411904,1526043541066.6355,1
506,88.0,26235047936,1526043541270.3396,1
507,93.5,26235924480,1526043541469.651,1
508,87.4,26242428928,1526043541671.2969,1
509,95.5,26235404288,1526043541868.7458,1
510,93.2,26237960192,1526043542067.2974,1
511,87.2,26235252736,1526043542267.0532,1
512,92.6,26230829056,1526043542469.7559,1
513,92.2,26236866560,1526043542666.2085,1
514,94.3,26231279616,1526043542866.0176,1
515,91.6,26234265600,1526043543067.1643,1
516,89.9,26240299008,1526043543267.733,1
517,89.6,26233835520,1526043543468.6697,1
518,94.2,26230091776,1526043543667.4019,1
519,93.8,26232492032,1526043543869.7456,1
520,93.1,26229985280,1526043544070.106,1
521,92.4,26236411904,1526043544273.744,1
522,93.5,26231734272,1526043544472.3096,1
523,92.9,26233176064,1526043544673.6611,1
524,94.6,26235416576,1526043544866.3054,1
525,92.5,26235498496,1526043545069.756,1
526,90.4,26227228672,1526043545266.2795,1
527,92.1,26225741824,1526043545469.5918,1
528,94.2,26231885824,1526043545669.7478,1
529,94.7,26228338688,1526043545867.4355,1
530,92.5,26232721408,1526043546072.7532,1
531,93.7,26239905792,1526043546269.6233,1
532,93.0,26230398976,1526043546470.4304,1
533,95.4,26230218752,1526043546667.469,1
534,89.0,26236100608,1526043546873.5603,1
535,88.5,26230730752,1526043547073.7336,1
536,93.4,26230857728,1526043547267.683,1
537,91.6,26235703296,1526043547465.991,1
538,93.8,26238275584,1526043547669.6494,1
539,91.9,26238083072,1526043547871.8923,1
540,93.3,26235969536,1526043548067.8118,1
541,90.7,26234204160,1526043548273.7966,1
542,94.1,26231205888,1526043548466.3003,1
543,94.3,26229481472,1526043548668.4863,1
544,95.6,26266431488,1526043548866.1567,1
545,90.9,26270109696,1526043549077.6912,1
546,93.4,26265976832,1526043549269.7097,1
547,93.7,26271309824,1526043549469.7217,1
548,88.2,26268741632,1526043549669.6396,1
549,92.8,26264920064,1526043549869.0212,1
550,87.5,26271043584,1526043550068.2275,1
551,92.5,26264686592,1526043550269.6165,1
552,88.2,26273878016,1526043550466.9685,1
553,91.6,26268053504,1526043550667.1082,1
554,91.6,26272350208,1526043550866.4111,1
555,89.9,26270916608,1526043551072.7688,1
556,92.7,26270593024,1526043551268.0847,1
557,89.3,26272280576,1526043551466.2358,1
558,93.9,26267234304,1526043551671.1882,1
559,92.9,26267803648,1526043551873.7583,1
560,90.1,26269061120,1526043552069.7473,1
561,92.3,26266923008,1526043552270.3518,1
562,94.2,26270347264,1526043552468.724,1
563,92.0,26268270592,1526043552669.8472,1
564,93.5,26270527488,1526043552866.2563,1
565,90.5,26268000256,1526043553069.955,1
566,92.8,26269765632,1526043553267.0967,1
567,92.0,26269392896,1526043553466.7207,1
568,91.7,26266972160,1526043553666.222,1
569,89.2,26267533312,1526043553869.14,1
570,85.2,26265333760,1526043554069.6008,1
571,89.5,26267684864,1526043554267.8003,1
572,88.5,26267734016,1526043554466.6458,1
573,88.5,26264399872,1526043554670.5012,1
574,90.8,26262282240,1526043554873.7258,1
575,85.7,26265235456,1526043555069.8064,1
576,89.0,26262917120,1526043555270.5938,1
577,93.4,26263179264,1526043555465.9023,1
578,90.6,26265751552,1526043555670.1775,1
579,91.1,26264006656,1526043555870.8845,1
580,90.3,26262351872,1526043556071.7769,1
581,87.9,26263678976,1526043556266.8618,1
582,91.1,26264223744,1526043556474.1702,1
583,92.7,26266619904,1526043556666.8354,1
584,90.6,26265165824,1526043556867.64,1
585,90.5,26260541440,1526043557069.7517,1
586,86.5,26262659072,1526043557269.93,1
587,89.7,26262601728,1526043557469.8042,1
588,88.8,26264231936,1526043557669.1433,1
589,93.4,26266071040,1526043557867.692,1
590,92.5,26262573056,1526043558069.7087,1
591,91.1,26264432640,1526043558273.027,1
592,87.6,26267394048,1526043558467.4138,1
593,92.5,26263920640,1526043558669.7192,1
594,93.0,26263195648,1526043558868.7795,1
595,87.8,26264920064,1526043559073.6382,1
596,90.7,26264563712,1526043559269.7148,1
597,93.8,26263207936,1526043559471.8545,1
598,92.9,26261798912,1526043559667.2532,1
599,93.1,26267983872,1526043559869.7332,1
600,89.5,26271940608,1526043560069.7205,1
601,93.5,26267979776,1526043560269.7737,1
602,89.9,26267533312,1526043560467.6836,1
603,93.7,26264453120,1526043560669.7642,1
604,91.8,26263142400,1526043560873.752,1
605,90.8,26266714112,1526043561067.3853,1
606,91.0,26268200960,1526043561266.3594,1
607,91.1,26265464832,1526043561469.7131,1
608,92.6,26263207936,1526043561670.3318,1
609,91.4,26272870400,1526043561869.6748,1
610,89.9,26269007872,1526043562069.7124,1
611,89.1,26268966912,1526043562269.77,1
612,89.5,26267373568,1526043562473.5747,1
613,94.9,26266542080,1526043562669.7563,1
614,92.1,26272210944,1526043562867.1135,1
615,82.9,26269683712,1526043563066.3328,1
616,83.0,26268995584,1526043563269.0117,1
617,88.5,26268069888,1526043563466.1675,1
618,81.8,26265321472,1526043563667.1238,1
619,88.9,26264219648,1526043563867.6843,1
620,89.7,26265481216,1526043564066.3132,1
621,88.1,26266042368,1526043564267.488,1
622,89.9,26266341376,1526043564466.9756,1
623,88.7,26266423296,1526043564667.7014,1
624,93.6,26268631040,1526043564871.17,1
625,84.9,26266120192,1526043565066.734,1
626,89.0,26264502272,1526043565267.348,1
627,88.2,26267045888,1526043565466.8806,1
628,91.1,26262278144,1526043565669.1897,1
629,94.8,26261803008,1526043565866.5532,1
630,87.7,26266202112,1526043566067.1829,1
631,85.7,26261319680,1526043566266.8855,1
632,87.9,26263793664,1526043566471.1797,1
633,87.4,26264764416,1526043566668.0774,1
634,91.1,26261368832,1526043566867.059,1
635,87.6,26267934720,1526043567068.5547,1
636,89.9,26261934080,1526043567269.6555,1
637,89.1,26266030080,1526043567469.621,1
638,86.0,26262904832,1526043567666.4387,1
639,89.2,26263126016,1526043567867.491,1
640,84.9,26267238400,1526043568068.0547,1
641,89.3,26266464256,1526043568269.6816,1
642,88.9,26264993792,1526043568468.2742,1
643,89.9,26264117248,1526043568669.6646,1
644,83.3,26265645056,1526043568867.042,1
645,89.7,26265325568,1526043569070.3125,1
646,87.1,26268925952,1526043569267.2332,1
647,87.8,26262061056,1526043569470.6943,1
648,90.6,26262290432,1526043569667.039,1
649,87.7,26269265920,1526043569866.7258,1
650,90.3,26265710592,1526043570069.6836,1
651,86.0,26269184000,1526043570269.8408,1
652,88.9,26269306880,1526043570467.6382,1
653,83.9,26268233728,1526043570669.6665,1
654,88.9,26267873280,1526043570866.8684,1
655,86.9,26269220864,1526043571069.0193,1
656,86.0,26269224960,1526043571270.521,1
657,90.7,26266890240,1526043571469.8364,1
658,84.1,26270113792,1526043571666.4868,1
659,88.5,26268704768,1526043571869.6548,1
660,91.9,26267807744,1526043572073.846,1
661,86.3,26269466624,1526043572267.2146,1
662,86.4,26272485376,1526043572469.7412,1
663,87.7,26268442624,1526043572669.8855,1
664,86.7,26267975680,1526043572866.6887,1
665,89.5,26272284672,1526043573066.2146,1
666,90.5,26266206208,1526043573273.7285,1
667,87.6,26269888512,1526043573469.7913,1
668,85.0,26270638080,1526043573666.819,1
669,87.3,26264870912,1526043573872.1714,1
670,90.8,26267217920,1526043574069.8003,1
671,90.2,26266865664,1526043574273.6494,1
672,83.7,26266685440,1526043574467.1177,1
673,87.3,26268123136,1526043574669.7668,1
674,90.6,26265817088,1526043574869.7969,1
675,87.8,26269167616,1526043575070.0288,1
676,84.9,26269442048,1526043575269.205,1
677,86.9,26269749248,1526043575466.4478,1
678,85.3,26268057600,1526043575666.9614,1
679,86.8,26268127232,1526043575869.7349,1
680,88.2,26265915392,1526043576066.4585,1
681,86.0,26265169920,1526043576269.6355,1
682,87.8,26265407488,1526043576467.38,1
683,85.3,26266341376,1526043576667.478,1
684,91.1,26264399872,1526043576866.8435,1
685,87.3,26267377664,1526043577069.796,1
686,84.0,26265489408,1526043577267.5,1
687,87.4,26265595904,1526043577467.064,1
688,89.7,26267844608,1526043577666.256,1
689,86.9,26264739840,1526043577866.7725,1
690,86.3,26263851008,1526043578069.7346,1
691,91.2,26262634496,1526043578273.8103,1
692,90.1,26264702976,1526043578469.7217,1
693,91.3,26270195712,1526043578667.3477,1
694,87.0,26264219648,1526043578866.7368,1
695,91.6,26262212608,1526043579068.2542,1
696,86.5,26267656192,1526043579266.298,1
697,89.8,26265612288,1526043579469.6328,1
698,92.3,26266882048,1526043579670.9297,1
699,91.6,26262601728,1526043579866.327,1
700,96.3,26260869120,1526043580069.6038,1
701,93.5,26267090944,1526043580267.5415,1
702,92.6,26268876800,1526043580469.6577,1
703,92.2,26264793088,1526043580666.6377,1
704,91.3,26260254720,1526043580867.9126,1
705,92.0,26267553792,1526043581071.2542,1
706,85.6,26268119040,1526043581267.0378,1
707,91.1,26266320896,1526043581467.3174,1
708,88.8,26262470656,1526043581669.985,1
709,91.5,26262396928,1526043581866.261,1
710,93.8,26263490560,1526043582073.748,1
711,93.0,26266828800,1526043582270.5713,1
712,91.6,26264076288,1526043582468.9478,1
713,95.5,26262122496,1526043582666.8,1
714,91.1,26267586560,1526043582868.0815,1
715,91.0,26260529152,1526043583070.0007,1
716,92.4,26263171072,1526043583269.9731,1
717,77.9,26266697728,1526043583466.0996,1
718,89.2,26263191552,1526043583672.6238,1
719,90.7,26269667328,1526043583866.8528,1
720,91.3,26265399296,1526043584070.288,1
721,94.4,26265169920,1526043584273.7322,1
722,88.1,26266882048,1526043584466.5142,1
723,91.2,26262802432,1526043584669.752,1
724,92.4,26261942272,1526043584873.8276,1
725,93.4,26263556096,1526043585066.1394,1
726,92.3,26267688960,1526043585269.7595,1
727,85.6,26265620480,1526043585467.6682,1
728,91.0,26259419136,1526043585667.1482,1
729,90.7,26265477120,1526043585867.337,1
730,92.9,26261655552,1526043586066.1616,1
731,93.1,26259472384,1526043586273.7686,1
732,91.5,26262671360,1526043586469.3647,1
733,91.3,26260111360,1526043586667.2534,1
734,92.3,26263875584,1526043586867.1843,1
735,91.3,26260328448,1526043587070.28,1
736,94.8,26260033536,1526043587272.3176,1
737,88.0,26263543808,1526043587467.5754,1
738,91.0,26260688896,1526043587670.6418,1
739,93.5,26263347200,1526043587866.9568,1
740,90.6,26259513344,1526043588067.7434,1
741,95.5,26261204992,1526043588267.7048,1
742,91.0,26267934720,1526043588469.0466,1
743,88.9,26262335488,1526043588668.4092,1
744,93.8,26251038720,1526043588869.792,1
745,90.8,26258489344,1526043589066.9949,1
746,82.5,26258481152,1526043589270.4019,1
747,80.3,26254663680,1526043589466.4275,1
748,84.0,26256359424,1526043589670.2627,1
749,80.8,26251939840,1526043589868.3235,1
750,85.2,26252197888,1526043590067.364,1
751,80.9,26259066880,1526043590268.752,1
752,79.1,26255495168,1526043590473.7498,1
753,78.5,26257027072,1526043590670.5366,1
754,79.3,26255294464,1526043590866.1746,1
755,76.4,26259517440,1526043591066.1094,1
756,72.3,26258669568,1526043591266.2542,1
757,68.7,26259443712,1526043591466.0044,1
758,73.2,26261843968,1526043591666.0735,1
759,73.6,26257051648,1526043591866.3103,1
760,72.4,26261352448,1526043592066.1619,1
761,63.9,26261340160,1526043592273.6262,1
762,66.9,26261028864,1526043592466.617,1
763,65.7,26258456576,1526043592666.337,1
764,65.1,26258718720,1526043592866.8,1
765,64.9,26261270528,1526043593066.4082,1
766,59.2,26262716416,1526043593265.9268,1
767,57.9,26261667840,1526043593466.259,1
768,58.8,26260484096,1526043593666.0876,1
769,58.5,26261962752,1526043593865.9934,1
770,62.4,26263597056,1526043594065.8977,1
771,58.8,26259910656,1526043594266.8152,1
772,56.0,26262724608,1526043594466.1433,1
773,58.7,26264309760,1526043594670.218,1
774,58.9,26260803584,1526043594870.258,1
775,57.7,26263277568,1526043595066.3235,1
776,53.4,26238541824,1526043595267.5654,1
777,52.7,26238488576,1526043595466.864,1
778,55.3,26236563456,1526043595666.4048,1
779,52.5,26236653568,1526043595866.1582,1
780,57.7,26239414272,1526043596066.2869,1
781,55.6,26240286720,1526043596267.6333,1
782,52.9,26239447040,1526043596466.1062,1
783,55.3,26239926272,1526043596666.8513,1
784,51.4,26239614976,1526043596869.6997,1
785,54.7,26239139840,1526043597066.4082,1
786,46.9,26243411968,1526043597265.9514,1
787,43.7,26244218880,1526043597471.8726,1
788,46.7,26243067904,1526043597666.3855,1
789,47.1,26243530752,1526043597866.8862,1
790,47.0,26243567616,1526043598066.0151,1
791,46.8,26243334144,1526043598268.1348,1
792,48.1,26245083136,1526043598466.1355,1
793,49.0,26241556480,1526043598666.4055,1
794,42.8,26244493312,1526043598866.0232,1
795,43.9,26245869568,1526043599065.9905,1
796,42.6,26282008576,1526043599266.22,1
797,41.7,26282729472,1526043599466.0642,1
798,39.5,26282504192,1526043599665.8987,1
799,40.5,26282651648,1526043599866.0989,1
800,45.0,26283315200,1526043600065.766,1
801,58.6,26289274880,1526043601629.5027,2
802,36.7,26286792704,1526043601828.7063,2
803,42.3,26287108096,1526043602026.6667,2
804,44.9,26287181824,1526043602226.4353,2
805,43.4,26283413504,1526043602426.8457,2
806,41.8,26282647552,1526043602626.9128,2
807,43.2,26282876928,1526043602826.517,2
808,43.9,26282778624,1526043603026.6018,2
809,39.3,26282680320,1526043603226.52,2
810,43.9,26283212800,1526043603426.8064,2
811,42.6,26282729472,1526043603626.6611,2
812,43.7,26282885120,1526043603826.3206,2
813,43.9,26283028480,1526043604026.3213,2
814,42.9,26282803200,1526043604226.7314,2
815,40.5,26283048960,1526043604426.5054,2
816,41.1,26283241472,1526043604626.4656,2
817,40.3,26282385408,1526043604826.3477,2
818,42.3,26282680320,1526043605026.307,2
819,41.2,26283188224,1526043605226.3374,2
820,38.4,26283188224,1526043605426.2903,2
821,40.8,26283118592,1526043605626.4429,2
822,40.8,26282795008,1526043605826.4849,2
823,42.1,26283204608,1526043606026.462,2
824,39.0,26282762240,1526043606226.441,2
825,42.9,26282807296,1526043606426.644,2
826,41.3,26283094016,1526043606626.4937,2
827,43.9,26283290624,1526043606826.318,2
828,39.3,26282684416,1526043607026.5325,2
829,44.0,26282840064,1526043607226.5195,2
830,47.8,26247254016,1526043607427.2402,2
831,49.3,26247491584,1526043607626.8213,2
832,50.3,26246348800,1526043607826.8428,2
833,48.6,26247241728,1526043608026.3538,2
834,49.4,26246959104,1526043608226.2114,2
835,51.0,26246410240,1526043608426.2563,2
836,58.7,26246258688,1526043608626.383,2
837,53.5,26242486272,1526043608828.042,2
838,58.1,26242981888,1526043609026.6658,2
839,54.3,26243338240,1526043609228.505,2
840,53.9,26246385664,1526043609426.831,2
841,63.2,26242621440,1526043609626.79,2
842,63.5,26242658304,1526043609833.5344,2
843,64.9,26245697536,1526043610027.412,2
844,57.3,26246180864,1526043610226.371,2
845,61.3,26245410816,1526043610427.6282,2
846,72.7,26242703360,1526043610634.2314,2
847,70.5,26242609152,1526043610826.3306,2
848,61.8,26243436544,1526043611033.2063,2
849,62.3,26242641920,1526043611229.276,2
850,63.4,26242359296,1526043611427.6282,2
851,71.3,26236588032,1526043611626.559,2
852,73.2,26237140992,1526043611833.7056,2
853,67.6,26239594496,1526043612029.7217,2
854,72.0,26237165568,1526043612233.696,2
855,66.4,26239516672,1526043612426.5432,2
856,76.6,26234503168,1526043612629.5764,2
857,82.6,26232799232,1526043612833.6929,2
858,78.4,26235666432,1526043613033.135,2
859,76.0,26235203584,1526043613229.7031,2
860,77.8,26236563456,1526043613427.7927,2
861,79.9,26227105792,1526043613626.817,2
862,85.4,26226589696,1526043613833.7178,2
863,80.6,26226143232,1526043614026.708,2
864,81.8,26230665216,1526043614230.5195,2
865,80.1,26236751872,1526043614427.3225,2
866,88.3,26229743616,1526043614630.921,2
867,86.7,26232922112,1526043614826.5154,2
868,82.4,26235125760,1526043615026.49,2
869,83.5,26233405440,1526043615233.7642,2
870,82.6,26229276672,1526043615426.856,2
871,82.0,26231009280,1526043615626.4531,2
872,91.5,26227875840,1526043615833.603,2
873,86.2,26234630144,1526043616033.691,2
874,84.2,26229735424,1526043616229.68,2
875,86.5,26227937280,1526043616428.5332,2
876,88.6,26229084160,1526043616627.238,2
877,96.4,26224340992,1526043616833.6997,2
878,92.1,26230042624,1526043617028.9185,2
879,88.9,26225143808,1526043617226.6824,2
880,92.0,26223005696,1526043617430.4326,2
881,88.5,26227482624,1526043617628.421,2
882,93.7,26220994560,1526043617828.3848,2
883,91.8,26220498944,1526043618029.8413,2
884,92.5,26225401856,1526043618232.2473,2
885,89.5,26219065344,1526043618430.4517,2
886,89.9,26222862336,1526043618630.5242,2
887,89.2,26215358464,1526043618832.9734,2
888,92.3,26219876352,1526043619029.7407,2
889,92.3,26218348544,1526043619229.788,2
890,93.5,26221498368,1526043619426.5898,2
891,92.5,26223607808,1526043619631.4902,2
892,93.1,26218971136,1526043619833.7996,2
893,94.2,26223771648,1526043620030.383,2
894,90.3,26228424704,1526043620227.9219,2
895,89.6,26222465024,1526043620428.9475,2
896,89.6,26224812032,1526043620629.743,2
897,93.1,26224709632,1526043620833.6738,2
898,93.4,26223222784,1526043621026.7449,2
899,93.0,26229866496,1526043621229.6265,2
900,95.5,26227113984,1526043621430.5352,2
901,94.0,26228637696,1526043621628.0198,2
902,93.7,26221203456,1526043621833.7927,2
903,95.4,26220888064,1526043622027.9956,2
904,89.4,26226933760,1526043622230.5332,2
905,95.5,26219491328,1526043622430.5664,2
906,93.1,26226941952,1526043622629.6829,2
907,89.7,26224062464,1526043622832.6367,2
908,89.3,26227978240,1526043623031.2405,2
909,87.3,26228842496,1526043623226.8723,2
910,90.6,26227187712,1526043623430.462,2
911,82.6,26231898112,1526043623626.6646,2
912,85.3,26221862912,1526043623828.9194,2
913,89.9,26222813184,1526043624029.742,2
914,88.1,26228379648,1526043624229.18,2
915,93.8,26225541120,1526043624429.6492,2
916,92.7,26226585600,1526043624626.9036,2
917,88.8,26230878208,1526043624829.7505,2
918,92.4,26223775744,1526043625030.501,2
919,96.9,26230329344,1526043625233.7378,2
920,95.3,26230149120,1526043625428.242,2
921,90.8,26227875840,1526043625633.7131,2
922,92.3,26231279616,1526043625826.564,2
923,94.8,26227404800,1526043626026.9182,2
924,96.9,26228985856,1526043626228.6174,2
925,95.0,26228436992,1526043626429.7417,2
926,91.6,26227929088,1526043626626.7017,2
927,86.8,26222350336,1526043626829.2441,2
928,93.0,26223562752,1526043627029.6611,2
929,91.5,26219782144,1526043627226.9434,2
930,93.0,26220912640,1526043627429.3738,2
931,88.9,26224967680,1526043627630.3396,2
932,90.3,26220994560,1526043627828.6284,2
933,97.0,26225152000,1526043628033.3618,2
934,96.8,26224586752,1526043628229.7693,2
935,92.9,26228154368,1526043628429.6487,2
936,91.8,26225516544,1526043628629.6653,2
937,93.5,26229510144,1526043628828.3809,2
938,90.4,26232283136,1526043629033.6873,2
939,96.9,26240245760,1526043629235.6929,2
940,89.0,26244124672,1526043629428.7776,2
941,91.8,26236665856,1526043629630.4468,2
942,92.5,26242527232,1526043629833.7334,2
943,90.1,26237308928,1526043630026.525,2
944,90.4,26238074880,1526043630226.6252,2
945,90.4,26237370368,1526043630429.7742,2
946,90.1,26238468096,1526043630628.5747,2
947,91.3,26228011008,1526043630830.3389,2
948,94.1,26234114048,1526043631027.455,2
949,89.9,26235645952,1526043631229.4282,2
950,89.9,26236555264,1526043631429.6074,2
951,89.4,26236899328,1526043631630.3518,2
952,91.6,26233716736,1526043631830.1812,2
953,88.3,26237636608,1526043632029.5146,2
954,91.4,26238599168,1526043632227.017,2
955,92.8,26236551168,1526043632429.5486,2
956,90.1,26239655936,1526043632632.9634,2
957,88.7,26234093568,1526043632833.0112,2
958,91.7,26239119360,1526043633030.449,2
959,91.1,26234351616,1526043633229.711,2
960,93.7,26234658816,1526043633432.9717,2
961,89.5,26236645376,1526043633626.8918,2
962,93.5,26230820864,1526043633826.5315,2
963,94.4,26234011648,1526043634029.4973,2
964,88.9,26235133952,1526043634226.8777,2
965,89.4,26235736064,1526043634430.367,2
966,90.3,26235944960,1526043634626.995,2
967,91.7,26232578048,1526043634829.6519,2
968,94.3,26231115776,1526043635033.7607,2
969,78.2,26237685760,1526043635228.8591,2
970,92.6,26233749504,1526043635429.6926,2
971,91.1,26236678144,1526043635633.7722,2
972,91.1,26233925632,1526043635827.8674,2
973,91.1,26231799808,1526043636031.558,2
974,94.8,26233696256,1526043636226.1558,2
975,91.6,26237636608,1526043636426.5354,2
976,87.3,26233446400,1526043636626.8438,2
977,87.3,26232889344,1526043636829.5608,2
978,88.9,26236928000,1526043637029.733,2
979,91.3,26232086528,1526043637229.4624,2
980,89.9,26235498496,1526043637432.9487,2
981,88.2,26233384960,1526043637628.8125,2
982,89.0,26234650624,1526043637833.6045,2
983,91.8,26231459840,1526043638033.654,2
984,93.5,26231922688,1526043638229.6829,2
985,91.1,26234834944,1526043638433.7793,2
986,89.4,26237681664,1526043638628.1592,2
987,86.5,26234458112,1526043638830.4492,2
988,91.1,26237648896,1526043639029.7085,2
989,85.5,26265518080,1526043639226.6345,2
990,80.5,26263511040,1526043639432.2334,2
991,96.1,26258513920,1526043639628.6094,2
992,90.4,26258743296,1526043639833.7087,2
993,92.8,26259140608,1526043640028.0308,2
994,95.0,26256252928,1526043640229.6914,2
995,93.4,26259300352,1526043640426.8865,2
996,94.4,26263023616,1526043640629.8015,2
997,89.6,26259136512,1526043640833.7305,2
998,92.2,26258735104,1526043641029.8062,2
999,90.7,26261684224,1526043641229.7876,2
1000,92.2,26262036480,1526043641427.5835,2
1001,91.1,26261938176,1526043641630.2903,2
1002,92.3,26258083840,1526043641830.2292,2
1003,92.3,26259226624,1526043642033.875,2
1004,92.2,26259816448,1526043642230.4507,2
1005,88.1,26262597632,1526043642429.6477,2
1006,93.8,26257625088,1526043642635.5627,2
1007,91.6,26260324352,1526043642833.838,2
1008,93.1,26261856256,1526043643030.7146,2
1009,93.1,26260922368,1526043643230.4968,2
1010,90.7,26263433216,1526043643427.4011,2
1011,89.0,26266271744,1526043643626.9006,2
1012,92.5,26264653824,1526043643830.5308,2
1013,92.8,26265870336,1526043644031.097,2
1014,94.9,26263359488,1526043644226.8982,2
1015,95.2,26259009536,1526043644430.3635,2
1016,90.4,26269306880,1526043644629.5305,2
1017,90.6,26266247168,1526043644828.2644,2
1018,93.5,26264662016,1526043645027.3274,2
1019,91.6,26261532672,1526043645227.2698,2
1020,94.3,26262126592,1526043645427.6624,2
1021,92.4,26268438528,1526043645627.483,2
1022,93.6,26262417408,1526043645829.6814,2
1023,95.1,26258563072,1526043646033.8823,2
1024,92.6,26264645632,1526043646226.964,2
1025,90.9,26259922944,1526043646427.059,2
1026,91.6,26263113728,1526043646627.8098,2
1027,87.4,26266013696,1526043646833.695,2
1028,91.6,26260733952,1526043647029.1875,2
1029,88.2,26265681920,1526043647227.9507,2
1030,87.7,26261385216,1526043647431.7395,2
1031,90.2,26261729280,1526043647629.0388,2
1032,89.2,26265026560,1526043647826.4397,2
1033,90.0,26261204992,1526043648030.2258,2
1034,91.8,26261708800,1526043648233.6882,2
1035,90.3,26264965120,1526043648426.9092,2
1036,88.4,26261704704,1526043648629.1558,2
1037,90.3,26260516864,1526043648829.5486,2
1038,86.4,26261606400,1526043649033.6936,2
1039,89.5,26260258816,1526043649229.436,2
1040,84.9,26260652032,1526043649427.2693,2
1041,86.5,26261737472,1526043649631.01,2
1042,84.1,26264539136,1526043649826.6265,2
1043,82.5,26262941696,1526043650035.1492,2
1044,92.7,26260037632,1526043650228.4563,2
1045,89.4,26259431424,1526043650429.3958,2
1046,89.4,26263298048,1526043650629.5786,2
1047,87.5,26262863872,1526043650827.51,2
1048,86.2,26266468352,1526043651026.4617,2
1049,82.6,26265055232,1526043651226.6968,2
1050,83.7,26262335488,1526043651433.6914,2
1051,88.5,26261397504,1526043651627.181,2
1052,86.9,26266615808,1526043651827.3247,2
1053,91.3,26263494656,1526043652033.7334,2
1054,90.4,26266079232,1526043652226.5806,2
1055,86.2,26263060480,1526043652432.0142,2
1056,87.0,26262835200,1526043652630.2532,2
1057,88.8,26264743936,1526043652829.6567,2
1058,86.7,26264825856,1526043653030.1858,2
1059,82.8,26268037120,1526043653226.5671,2
1060,88.1,26264981504,1526043653429.0608,2
1061,88.5,26266378240,1526043653627.2078,2
1062,90.3,26266935296,1526043653827.796,2
1063,89.7,26266873856,1526043654026.8748,2
1064,84.1,26262994944,1526043654227.1062,2
1065,88.1,26263285760,1526043654430.3289,2
1066,85.2,26263941120,1526043654628.6836,2
1067,90.1,26263576576,1526043654830.4077,2
1068,90.3,26262065152,1526043655026.3867,2
1069,84.2,26266361856,1526043655226.9429,2
1070,86.2,26263449600,1526043655427.2031,2
1071,88.7,26261057536,1526043655627.39,2
1072,88.9,26262249472,1526043655827.171,2
1073,93.2,26262024192,1526043656033.7178,2
1074,86.7,26264997888,1526043656228.7446,2
1075,87.9,26259722240,1526043656433.8853,2
1076,89.2,26259021824,1526043656626.5288,2
1077,87.3,26260258816,1526043656829.6382,2
1078,92.9,26260189184,1526043657029.9329,2
1079,89.5,26261630976,1526043657226.4998,2
1080,81.2,26261929984,1526043657428.1016,2
1081,88.7,26259804160,1526043657626.9805,2
1082,90.3,26262757376,1526043657827.8877,2
1083,88.2,26260414464,1526043658033.7512,2
1084,88.7,26260262912,1526043658229.7393,2
1085,87.8,26263318528,1526043658429.6367,2
1086,87.4,26260008960,1526043658633.8171,2
1087,88.9,26259902464,1526043658828.3745,2
1088,86.4,26263957504,1526043659028.2358,2
1089,89.4,26262978560,1526043659229.5676,2
1090,87.2,26262622208,1526043659428.455,2
1091,89.5,26259841024,1526043659637.7996,2
1092,90.3,26260353024,1526043659829.795,2
1093,89.4,26262990848,1526043660033.7068,2
1094,85.6,26260271104,1526043660234.0845,2
1095,91.7,26258010112,1526043660431.56,2
1096,92.2,26262331392,1526043660630.3164,2
1097,93.1,26260471808,1526043660829.337,2
1098,93.6,26264895488,1526043661028.9749,2
1099,89.0,26262577152,1526043661229.579,2
1100,91.1,26260008960,1526043661430.21,2
1101,89.9,26261372928,1526043661631.354,2
1102,93.9,26259443712,1526043661833.7156,2
1103,93.4,26258071552,1526043662030.4731,2
1104,90.1,26261901312,1526043662227.0444,2
1105,93.0,26262081536,1526043662428.4856,2
1106,95.1,26257674240,1526043662633.734,2
1107,92.1,26262855680,1526043662829.818,2
1108,90.8,26262622208,1526043663027.544,2
1109,93.7,26258845696,1526043663232.8513,2
1110,91.8,26264608768,1526043663430.4668,2
1111,87.8,26256003072,1526043663626.8423,2
1112,94.4,26256257024,1526043663833.7317,2
1113,89.4,26262437888,1526043664027.5945,2
1114,93.3,26256531456,1526043664233.4255,2
1115,93.3,26254557184,1526043664427.5923,2
1116,89.9,26257678336,1526043664629.423,2
1117,93.0,26256007168,1526043664831.711,2
1118,92.1,26258366464,1526043665028.7131,2
1119,90.6,26256302080,1526043665229.8506,2
1120,92.8,26258587648,1526043665428.817,2
1121,88.6,26257268736,1526043665626.8965,2
1122,92.4,26255855616,1526043665830.3503,2
1123,91.4,26258571264,1526043666026.94,2
1124,81.3,26259468288,1526043666229.6736,2
1125,93.8,26256117760,1526043666430.4856,2
1126,92.9,26261151744,1526043666628.7114,2
1127,93.7,26256420864,1526043666833.0725,2
1128,93.8,26252840960,1526043667033.7983,2
1129,89.3,26263658496,1526043667226.6267,2
1130,91.1,26256044032,1526043667429.7205,2
1131,90.7,26257948672,1526043667627.2266,2
1132,90.3,26261241856,1526043667828.3547,2
1133,94.6,26258132992,1526043668037.7131,2
1134,90.8,26261540864,1526043668233.8408,2
1135,86.6,26256396288,1526043668428.4976,2
1136,89.7,26255904768,1526043668631.046,2
1137,90.2,26260680704,1526043668826.574,2
1138,91.5,26257895424,1526043669027.6133,2
1139,91.4,26256781312,1526043669233.7932,2
1140,89.3,26257944576,1526043669429.5056,2
1141,94.7,26258345984,1526043669628.2532,2
1142,91.7,26260611072,1526043669829.012,2
1143,88.9,26259152896,1526043670029.1719,2
1144,92.4,26257321984,1526043670229.6924,2
1145,93.5,26264592384,1526043670427.27,2
1146,92.9,26254462976,1526043670626.761,2
1147,94.3,26257461248,1526043670829.611,2
1148,90.2,26256932864,1526043671027.4878,2
1149,90.7,26247991296,1526043671233.6282,2
1150,92.7,26251747328,1526043671427.4202,2
1151,88.7,26251264000,1526043671628.9546,2
1152,85.8,26252726272,1526043671827.964,2
1153,83.9,26253127680,1526043672029.7312,2
1154,82.1,26255360000,1526043672229.7612,2
1155,84.7,26248761344,1526043672426.4795,2
1156,82.0,26256003072,1526043672630.3215,2
1157,77.0,26254139392,1526043672826.5125,2
1158,77.8,26254192640,1526043673026.9636,2
1159,76.5,26251911168,1526043673233.02,2
1160,76.6,26252103680,1526043673427.5518,2
1161,75.5,26256515072,1526043673627.617,2
1162,71.2,26253131776,1526043673827.4775,2
1163,71.1,26253389824,1526043674027.6782,2
1164,71.3,26253697024,1526043674232.0198,2
1165,70.3,26250108928,1526043674430.9805,2
1166,71.2,26252599296,1526043674626.5105,2
1167,66.4,26255880192,1526043674826.2341,2
1168,65.0,26254635008,1526043675026.3618,2
1169,66.0,26255802368,1526043675226.4102,2
1170,66.7,26256252928,1526043675426.4785,2
1171,65.8,26255507456,1526043675627.01,2
1172,63.8,26259214336,1526043675826.5906,2
1173,60.2,26259767296,1526043676026.2593,2
1174,55.9,26259656704,1526043676229.6519,2
1175,60.2,26259296256,1526043676433.7842,2
1176,59.9,26257051648,1526043676629.7732,2
1177,59.3,26257252352,1526043676830.3318,2
1178,51.0,26260025344,1526043677030.0334,2
1179,47.6,26259439616,1526043677226.2869,2
1180,45.9,26259976192,1526043677426.647,2
1181,49.3,26258731008,1526043677626.5386,2
1182,46.9,26260004864,1526043677826.7068,2
1183,58.0,26257006592,1526043678026.914,2
1184,58.8,26257457152,1526043678226.3125,2
1185,55.0,26261155840,1526043678430.0537,2
1186,46.9,26236096512,1526043678626.3618,2
1187,47.3,26236235776,1526043678826.4778,2
1188,53.2,26236649472,1526043679026.5396,2
1189,49.3,26236399616,1526043679226.7056,2
1190,46.8,26236420096,1526043679430.161,2
1191,48.3,26239873024,1526043679626.4968,2
1192,44.9,26239655936,1526043679826.2417,2
1193,46.1,26239574016,1526043680026.2756,2
1194,45.5,26239258624,1526043680226.406,2
1195,47.4,26241204224,1526043680426.8708,2
1196,46.9,26237796352,1526043680626.5918,2
1197,45.1,26241880064,1526043680826.3386,2
1198,43.0,26278760448,1526043681026.3782,2
1199,40.3,26278555648,1526043681226.3086,2
1200,39.9,26278825984,1526043681426.4712,2
1201,43.3,26278105088,1526043681626.4036,2
1202,42.2,26278678528,1526043681826.1814,2
1203,62.4,26286342144,1526043683498.8728,3
1204,44.9,26284204032,1526043683698.126,3
1205,42.3,26284912640,1526043683895.6968,3
1206,40.0,26281308160,1526043684097.6003,3
1207,41.5,26280443904,1526043684296.0945,3
1208,43.5,26280091648,1526043684495.651,3
1209,41.1,26280370176,1526043684695.725,3
1210,38.9,26280013824,1526043684895.942,3
1211,41.8,26280382464,1526043685095.7925,3
1212,43.2,26280808448,1526043685295.7002,3
1213,41.8,26279903232,1526043685495.8162,3
1214,45.6,26280574976,1526043685695.8318,3
1215,42.2,26280288256,1526043685895.8855,3
1216,42.2,26279940096,1526043686095.6582,3
1217,46.2,26280235008,1526043686295.6626,3
1218,40.6,26280017920,1526043686495.6438,3
1219,43.3,26280300544,1526043686695.7195,3
1220,40.4,26280247296,1526043686895.8506,3
1221,45.7,26280480768,1526043687095.7258,3
1222,39.2,26279751680,1526043687295.6785,3
1223,41.3,26279956480,1526043687495.8071,3
1224,44.4,26280632320,1526043687696.1196,3
1225,40.9,26280341504,1526043687896.2144,3
1226,43.1,26281254912,1526043688095.6736,3
1227,40.7,26281029632,1526043688295.6423,3
1228,44.0,26281185280,1526043688495.8481,3
1229,41.3,26281340928,1526043688695.9194,3
1230,42.5,26281443328,1526043688895.8252,3
1231,46.5,26245099520,1526043689096.5305,3
1232,49.0,26245189632,1526043689296.5117,3
1233,46.5,26244444160,1526043689495.5945,3
1234,48.0,26244771840,1526043689698.1538,3
1235,51.3,26244722688,1526043689895.9355,3
1236,49.3,26244558848,1526043690095.8235,3
1237,54.8,26241163264,1526043690301.761,3
1238,56.1,26241679360,1526043690495.9524,3
1239,54.6,26241175552,1526043690697.6577,3
1240,50.7,26241208320,1526043690895.7004,3
1241,54.1,26241282048,1526043691095.8513,3
1242,53.5,26237947904,1526043691295.9707,3
1243,65.8,26237112320,1526043691497.6292,3
1244,61.6,26237177856,1526043691696.6826,3
1245,57.8,26237599744,1526043691897.4336,3
1246,60.5,26237964288,1526043692095.8145,3
1247,61.8,26237313024,1526043692295.915,3
1248,64.9,26237681664,1526043692497.682,3
1249,66.2,26237345792,1526043692695.6816,3
1250,61.3,26237640704,1526043692898.355,3
1251,64.0,26237562880,1526043693096.2388,3
1252,64.9,26237022208,1526043693296.0662,3
1253,70.5,26230730752,1526043693495.9136,3
1254,65.3,26234118144,1526043693695.9644,3
1255,63.3,26230087680,1526043693899.9104,3
1256,65.5,26232963072,1526043694095.9167,3
1257,74.0,26227011584,1526043694297.7505,3
1258,77.5,26230743040,1526043694498.5608,3
1259,76.3,26229264384,1526043694701.7087,3
1260,72.3,26230452224,1526043694898.3171,3
1261,75.3,26232287232,1526043695102.8652,3
1262,77.1,26224742400,1526043695298.6355,3
1263,85.0,26231746560,1526043695502.1135,3
1264,79.4,26230915072,1526043695702.2263,3
1265,83.1,26224398336,1526043695900.1072,3
1266,81.9,26231685120,1526043696098.9253,3
1267,80.5,26225373184,1526043696297.7815,3
1268,87.7,26217635840,1526043696498.2808,3
1269,83.2,26227982336,1526043696704.008,3
1270,83.7,26221428736,1526043696901.7158,3
1271,82.1,26220957696,1526043697096.6614,3
1272,85.6,26220728320,1526043697297.8103,3
1273,89.8,26220703744,1526043697498.7734,3
1274,92.9,26217836544,1526043697698.6682,3
1275,90.8,26229780480,1526043697897.6023,3
1276,89.8,26225295360,1526043698097.5994,3
1277,92.6,26220961792,1526043698297.9536,3
1278,91.6,26217955328,1526043698498.3086,3
1279,91.6,26219143168,1526043698700.8213,3
1280,87.9,26226962432,1526043698895.92,3
1281,91.2,26225168384,1526043699096.5042,3
1282,92.8,26225123328,1526043699299.7993,3
1283,93.1,26220523520,1526043699502.5547,3
1284,91.7,26221723648,1526043699701.6882,3
1285,92.8,26225016832,1526043699896.0964,3
1286,94.4,26222587904,1526043700097.3523,3
1287,90.9,26226114560,1526043700296.4543,3
1288,92.2,26219630592,1526043700501.7578,3
1289,91.3,26220830720,1526043700697.133,3
1290,87.3,26223783936,1526043700899.527,3
1291,91.1,26219442176,1526043701097.6787,3
1292,92.5,26215993344,1526043701298.8982,3
1293,94.9,26214232064,1526043701498.3113,3
1294,93.7,26217046016,1526043701697.6096,3
1295,84.7,26225963008,1526043701898.7925,3
1296,93.0,26217881600,1526043702097.7808,3
1297,89.0,26217181184,1526043702301.6492,3
1298,85.0,26223468544,1526043702501.7273,3
1299,92.5,26216476672,1526043702701.724,3
1300,94.3,26223955968,1526043702901.7417,3
1301,94.8,26217099264,1526043703101.72,3
1302,95.0,26223865856,1526043703305.6692,3
1303,94.7,26223693824,1526043703498.8682,3
1304,96.1,26222592000,1526043703697.6152,3
1305,90.9,26229923840,1526043703896.2834,3
1306,92.5,26221072384,1526043704101.7236,3
1307,94.8,26224447488,1526043704299.2188,3
1308,92.4,26224201728,1526043704496.0708,3
1309,92.9,26221703168,1526043704696.2317,3
1310,93.9,26228695040,1526043704901.725,3
1311,92.9,26222997504,1526043705098.2346,3
1312,90.8,26225180672,1526043705296.907,3
1313,88.8,26226470912,1526043705497.6882,3
1314,86.3,26218889216,1526043705702.3782,3
1315,95.0,26217476096,1526043705905.7375,3
1316,92.0,26225078272,1526043706096.143,3
1317,91.1,26220793856,1526043706302.0369,3
1318,92.8,26218491904,1526043706495.8784,3
1319,92.5,26214932480,1526043706698.8083,3
1320,95.5,26217582592,1526043706896.5212,3
1321,91.1,26223575040,1526043707097.64,3
1322,95.5,26219433984,1526043707296.117,3
1323,92.0,26219589632,1526043707498.7046,3
1324,89.5,26217832448,1526043707698.4292,3
1325,94.9,26220052480,1526043707897.3318,3
1326,94.8,26228391936,1526043708095.7952,3
1327,94.9,26221936640,1526043708298.2844,3
1328,95.1,26222813184,1526043708501.6746,3
1329,91.1,26224898048,1526043708701.6973,3
1330,93.6,26223374336,1526043708897.7192,3
1331,92.8,26218659840,1526043709098.5557,3
1332,94.3,26224926720,1526043709296.2495,3
1333,92.2,26219417600,1526043709501.7458,3
1334,93.3,26231140352,1526043709697.0374,3
1335,90.4,26230464512,1526043709897.0044,3
1336,95.7,26226827264,1526043710102.5134,3
1337,93.4,26229411840,1526043710297.663,3
1338,88.2,26232901632,1526043710497.3462,3
1339,92.5,26231373824,1526043710705.7725,3
1340,94.7,26229161984,1526043710897.9983,3
1341,86.5,26231951360,1526043711098.88,3
1342,96.8,26230861824,1526043711298.7617,3
1343,92.9,26234769408,1526043711498.3381,3
1344,93.0,26231754752,1526043711698.7097,3
1345,89.7,26233352192,1526043711897.603,3
1346,92.4,26234220544,1526043712098.4272,3
1347,92.9,26236166144,1526043712295.6665,3
1348,92.0,26232532992,1526043712505.7622,3
1349,90.1,26230550528,1526043712698.2756,3
1350,86.4,26233733120,1526043712897.6978,3
1351,91.3,26230910976,1526043713101.676,3
1352,89.9,26233012224,1526043713296.5603,3
1353,86.5,26230329344,1526043713498.3718,3
1354,92.1,26233704448,1526043713701.9053,3
1355,91.3,26236964864,1526043713896.7832,3
1356,93.8,26236387328,1526043714104.1274,3
1357,90.1,26238787584,1526043714298.5178,3
1358,93.5,26233323520,1526043714496.4849,3
1359,91.9,26234777600,1526043714702.4995,3
1360,90.0,26231984128,1526043714901.6326,3
1361,93.2,26230067200,1526043715096.6611,3
1362,91.2,26233782272,1526043715301.6614,3
1363,92.2,26232123392,1526043715498.3884,3
1364,95.0,26230370304,1526043715701.661,3
1365,93.0,26233937920,1526043715903.0325,3
1366,92.4,26230898688,1526043716101.0369,3
1367,95.0,26229694464,1526043716298.0032,3
1368,92.4,26235359232,1526043716498.7124,3
1369,95.0,26227863552,1526043716698.9814,3
1370,94.3,26231644160,1526043716900.4434,3
1371,88.8,26229522432,1526043717097.9502,3
1372,93.0,26231898112,1526043717301.8438,3
1373,90.1,26232451072,1526043717497.9116,3
1374,93.6,26227040256,1526043717698.2805,3
1375,92.9,26232713216,1526043717897.7034,3
1376,90.1,26228744192,1526043718101.0608,3
1377,92.2,26231963648,1526043718299.681,3
1378,90.5,26226466816,1526043718497.6506,3
1379,92.4,26228457472,1526043718701.8032,3
1380,90.8,26229211136,1526043718900.5415,3
1381,91.0,26225844224,1526043719098.4924,3
1382,92.5,26226937856,1526043719301.6948,3
1383,91.7,26224914432,1526043719505.7441,3
1384,86.6,26251689984,1526043719698.1108,3
1385,88.1,26254635008,1526043719898.9956,3
1386,87.6,26248712192,1526043720096.6084,3
1387,93.9,26248048640,1526043720301.7185,3
1388,88.3,26248179712,1526043720505.7456,3
1389,91.3,26248806400,1526043720697.7122,3
1390,90.7,26254585856,1526043720901.53,3
1391,92.2,26252877824,1526043721099.6658,3
1392,93.1,26254143488,1526043721301.8384,3
1393,91.3,26250780672,1526043721501.6338,3
1394,92.3,26249162752,1526043721701.6885,3
1395,92.7,26251223040,1526043721896.1208,3
1396,92.2,26249633792,1526043722101.7363,3
1397,91.3,26255327232,1526043722301.7632,3
1398,92.4,26254970880,1526043722501.6492,3
1399,89.2,26256003072,1526043722699.125,3
1400,94.3,26251472896,1526043722897.579,3
1401,93.3,26255646720,1526043723105.7136,3
1402,85.8,26258329600,1526043723298.5518,3
1403,91.4,26253713408,1526043723496.0537,3
1404,93.6,26255761408,1526043723697.09,3
1405,91.1,26254716928,1526043723897.6694,3
1406,94.9,26254340096,1526043724101.3281,3
1407,91.5,26261626880,1526043724301.6414,3
1408,90.8,26258485248,1526043724498.8909,3
1409,88.7,26261397504,1526043724696.8477,3
1410,91.8,26256289792,1526043724897.76,3
1411,94.3,26260213760,1526043725100.7458,3
1412,87.6,26263461888,1526043725299.049,3
1413,93.0,26257739776,1526043725502.3755,3
1414,93.3,26263379968,1526043725696.1711,3
1415,90.8,26257862656,1526043725901.6855,3
1416,91.1,26258280448,1526043726101.7656,3
1417,91.3,26256834560,1526043726297.5742,3
1418,86.2,26260533248,1526043726501.6914,3
1419,89.3,26259140608,1526043726697.7002,3
1420,90.4,26261553152,1526043726901.705,3
1421,91.9,26259374080,1526043727096.93,3
1422,94.4,26256310272,1526043727297.6602,3
1423,89.0,26259521536,1526043727496.4448,3
1424,92.5,26253185024,1526043727701.1848,3
1425,88.8,26254417920,1526043727895.7976,3
1426,89.8,26255372288,1526043728098.9165,3
1427,92.4,26255851520,1526043728297.7212,3
1428,89.4,26261454848,1526043728497.6033,3
1429,88.7,26252705792,1526043728698.244,3
1430,92.0,26252107776,1526043728903.1196,3
1431,88.4,26256392192,1526043729096.4812,3
1432,85.1,26252943360,1526043729297.57,3
1433,86.5,26256670720,1526043729495.9016,3
1434,83.9,26254442496,1526043729698.4587,3
1435,91.6,26252951552,1526043729900.434,3
1436,89.2,26254733312,1526043730098.6262,3
1437,85.3,26255900672,1526043730305.7715,3
1438,89.4,26251202560,1526043730501.7825,3
1439,90.7,26254774272,1526043730697.6572,3
1440,92.4,26257113088,1526043730901.6577,3
1441,93.4,26253529088,1526043731095.8608,3
1442,91.7,26257596416,1526043731296.0625,3
1443,86.3,26254385152,1526043731501.7983,3
1444,87.2,26256424960,1526043731698.0735,3
1445,90.2,26253688832,1526043731898.0632,3
1446,90.7,26252541952,1526043732096.0066,3
1447,87.0,26256224256,1526043732299.3464,3
1448,87.2,26256883712,1526043732497.56,3
1449,85.7,26256809984,1526043732696.3623,3
1450,87.9,26255560704,1526043732897.0342,3
1451,87.6,26255048704,1526043733097.2524,3
1452,86.5,26256629760,1526043733295.9077,3
1453,88.3,26253467648,1526043733495.9636,3
1454,83.9,26256654336,1526043733697.0112,3
1455,79.5,26256535552,1526043733895.9402,3
1456,91.8,26252677120,1526043734098.9126,3
1457,91.7,26256699392,1526043734299.084,3
1458,85.7,26256588800,1526043734497.856,3
1459,87.1,26256039936,1526043734701.0232,3
1460,88.8,26255228928,1526043734896.126,3
1461,87.4,26255519744,1526043735099.3738,3
1462,84.9,26255716352,1526043735299.8274,3
1463,88.3,26254733312,1526043735498.5825,3
1464,87.2,26255581184,1526043735700.0142,3
1465,84.5,26258755584,1526043735895.8562,3
1466,89.4,26256470016,1526043736096.4763,3
1467,90.5,26257350656,1526043736300.8926,3
1468,91.2,26257084416,1526043736497.72,3
1469,88.6,26257100800,1526043736701.6958,3
1470,86.1,26260492288,1526043736896.028,3
1471,86.3,26255949824,1526043737097.6238,3
1472,87.1,26254315520,1526043737296.3262,3
1473,88.5,26258350080,1526043737497.6846,3
1474,89.9,26256510976,1526043737701.6436,3
1475,91.3,26256928768,1526043737896.0308,3
1476,87.0,26258984960,1526043738098.5413,3
1477,89.5,26256019456,1526043738296.3376,3
1478,91.5,26255581184,1526043738496.0427,3
1479,90.2,26257895424,1526043738701.6455,3
1480,87.9,26255532032,1526043738906.0225,3
1481,86.5,26258472960,1526043739097.4648,3
1482,85.1,26255708160,1526043739303.7249,3
1483,88.6,26255962112,1526043739498.5225,3
1484,87.8,26260471808,1526043739695.5547,3
1485,89.9,26256560128,1526043739899.7246,3
1486,87.8,26257809408,1526043740095.951,3
1487,86.4,26255908864,1526043740299.1516,3
1488,90.1,26252824576,1526043740502.2751,3
1489,89.8,26255986688,1526043740696.835,3
1490,87.7,26256781312,1526043740896.7524,3
1491,87.9,26256773120,1526043741097.559,3
1492,87.5,26258894848,1526043741300.0142,3
1493,89.9,26260455424,1526043741499.371,3
1494,88.9,26256048128,1526043741697.1023,3
1495,90.9,26255601664,1526043741902.2305,3
1496,90.1,26256035840,1526043742095.9585,3
1497,94.5,26252947456,1526043742305.752,3
1498,92.1,26256289792,1526043742501.7402,3
1499,90.8,26260885504,1526043742697.5732,3
1500,86.9,26260946944,1526043742900.0857,3
1501,86.8,26257473536,1526043743097.689,3
1502,92.5,26255642624,1526043743297.8735,3
1503,94.4,26256080896,1526043743501.6978,3
1504,91.5,26258243584,1526043743698.2822,3
1505,87.4,26257829888,1526043743897.9722,3
1506,91.0,26255945728,1526043744100.5288,3
1507,91.6,26262937600,1526043744298.5632,3
1508,93.6,26260156416,1526043744499.0664,3
1509,93.0,26263355392,1526043744697.3508,3
1510,92.3,26260844544,1526043744898.8691,3
1511,91.0,26258178048,1526043745101.732,3
1512,92.1,26262241280,1526043745298.804,3
1513,93.9,26257870848,1526043745506.0508,3
1514,93.5,26262523904,1526043745705.7544,3
1515,87.3,26262036480,1526043745896.1404,3
1516,93.8,26256969728,1526043746097.7275,3
1517,87.6,26259009536,1526043746301.8164,3
1518,93.2,26257993728,1526043746505.6802,3
1519,94.7,26257108992,1526043746697.5923,3
1520,93.1,26260742144,1526043746897.3374,3
1521,90.8,26254348288,1526043747098.8357,3
1522,94.2,26249261056,1526043747296.6177,3
1523,89.9,26254917632,1526043747498.83,3
1524,91.7,26253156352,1526043747699.4316,3
1525,88.3,26258165760,1526043747897.73,3
1526,89.9,26252701696,1526043748101.6897,3
1527,96.1,26258108416,1526043748297.2295,3
1528,93.1,26254344192,1526043748497.581,3
1529,95.5,26253545472,1526043748696.5715,3
1530,91.8,26255495168,1526043748896.3928,3
1531,93.0,26253828096,1526043749095.7778,3
1532,93.4,26252603392,1526043749302.2898,3
1533,96.0,26253348864,1526043749497.4917,3
1534,91.8,26256687104,1526043749698.3115,3
1535,92.2,26252939264,1526043749896.3225,3
1536,90.7,26256924672,1526043750099.3552,3
1537,89.5,26249449472,1526043750306.2263,3
1538,93.6,26247675904,1526043750501.692,3
1539,91.8,26257887232,1526043750701.4866,3
1540,84.6,26255134720,1526043750897.0215,3
1541,90.6,26252132352,1526043751098.527,3
1542,92.1,26252115968,1526043751298.2368,3
1543,88.3,26253336576,1526043751498.2827,3
1544,91.1,26259443712,1526043751700.2375,3
1545,89.4,26251833344,1526043751897.2275,3
1546,92.1,26255282176,1526043752096.0757,3
1547,92.5,26252365824,1526043752297.7595,3
1548,94.3,26242695168,1526043752495.9463,3
1549,87.0,26259230720,1526043752696.0454,3
1550,83.0,26222444544,1526043752899.296,3
1551,84.2,26221916160,1526043753097.336,3
1552,89.1,26224824320,1526043753299.8777,3
1553,88.1,26224345088,1526043753497.8865,3
1554,87.7,26227712000,1526043753699.0813,3
1555,84.3,26228469760,1526043753898.403,3
1556,81.9,26224181248,1526043754096.17,3
1557,79.6,26228326400,1526043754295.7688,3
1558,78.0,26227785728,1526043754497.6875,3
1559,75.3,26230521856,1526043754696.604,3
1560,74.8,26229829632,1526043754899.0374,3
1561,75.5,26229858304,1526043755101.6973,3
1562,78.9,26228633600,1526043755297.808,3
1563,77.2,26227535872,1526043755496.286,3
1564,71.8,26231681024,1526043755695.7922,3
1565,68.2,26232143872,1526043755898.2805,3
1566,70.7,26227625984,1526043756098.4702,3
1567,70.0,26227511296,1526043756298.8472,3
1568,70.9,26229104640,1526043756501.7583,3
1569,64.7,26230870016,1526043756695.6577,3
1570,63.2,26233049088,1526043756901.6418,3
1571,65.3,26228510720,1526043757096.205,3
1572,66.5,26228146176,1526043757302.2112,3
1573,66.0,26231283712,1526043757496.059,3
1574,59.5,26231209984,1526043757695.85,3
1575,59.9,26231554048,1526043757895.7756,3
1576,59.4,26230308864,1526043758095.8645,3
1577,62.4,26232008704,1526043758301.8022,3
1578,52.2,26229313536,1526043758498.1614,3
1579,57.4,26232999936,1526043758695.8257,3
1580,57.1,26233307136,1526043758896.452,3
1581,55.4,26230710272,1526043759101.1912,3
1582,51.0,26234896384,1526043759295.667,3
1583,49.7,26234245120,1526043759495.8845,3
1584,50.6,26234548224,1526043759695.743,3
1585,49.7,26233892864,1526043759898.11,3
1586,50.0,26232561664,1526043760095.8145,3
1587,46.9,26233311232,1526043760295.7122,3
1588,48.0,26235613184,1526043760495.8823,3
1589,44.7,26236067840,1526043760695.7715,3
1590,51.5,26236039168,1526043760895.8457,3
1591,47.7,26235990016,1526043761095.7676,3
1592,44.5,26236358656,1526043761295.6118,3
1593,41.2,26240241664,1526043761495.5352,3
1594,42.0,26276319232,1526043761695.6868,3
1595,43.3,26277212160,1526043761895.9758,3
1596,41.4,26276352000,1526043762096.6262,3
1597,41.8,26276040704,1526043762295.9912,3
1598,39.5,26276831232,1526043762495.6963,3
1599,41.8,26276990976,1526043762695.6968,3
1600,65.1,26282987520,1526043764087.0728,4
1601,43.9,26282520576,1526043764286.7441,4
1602,39.6,26281439232,1526043764484.5183,4
1603,43.3,26280927232,1526043764685.0352,4
1604,43.9,26277519360,1526043764884.826,4
1605,44.0,26277675008,1526043765084.946,4
1606,38.6,26277826560,1526043765284.2844,4
1607,39.5,26277097472,1526043765484.2627,4
1608,41.1,26277507072,1526043765684.25,4
1609,40.7,26276790272,1526043765884.3445,4
1610,38.6,26277842944,1526043766084.3567,4
1611,39.5,26277609472,1526043766284.2512,4
1612,39.6,26277793792,1526043766485.1294,4
1613,38.6,26277875712,1526043766684.2605,4
1614,43.7,26277810176,1526043766884.2766,4
1615,41.1,26277076992,1526043767084.2517,4
1616,41.1,26277482496,1526043767284.333,4
1617,41.0,26276876288,1526043767485.2168,4
1618,36.4,26277662720,1526043767684.1382,4
1619,41.7,26276675584,1526043767884.6753,4
1620,36.9,26276745216,1526043768084.204,4
1621,41.2,26277756928,1526043768284.363,4
1622,42.2,26277134336,1526043768484.4446,4
1623,42.5,26277531648,1526043768684.535,4
1624,41.8,26277318656,1526043768884.7246,4
1625,43.9,26277773312,1526043769084.2805,4
1626,41.8,26278252544,1526043769284.347,4
1627,41.2,26277261312,1526043769484.0637,4
1628,46.9,26242527232,1526043769684.785,4
1629,40.8,26239930368,1526043769884.769,4
1630,51.3,26236395520,1526043770087.229,4
1631,47.9,26236809216,1526043770284.296,4
1632,43.7,26236928000,1526043770484.2869,4
1633,51.9,26240450560,1526043770684.9214,4
1634,51.8,26237001728,1526043770884.483,4
1635,58.4,26233966592,1526043771084.5076,4
1636,56.6,26236784640,1526043771284.53,4
1637,52.7,26236649472,1526043771484.5215,4
1638,55.2,26236334080,1526043771686.4631,4
1639,53.7,26236612608,1526043771889.4995,4
1640,63.8,26236915712,1526043772085.6018,4
1641,64.0,26237550592,1526043772284.8691,4
1642,56.0,26236809216,1526043772484.2976,4
1643,60.1,26237026304,1526043772685.33,4
1644,58.6,26235269120,1526043772884.6133,4
1645,67.3,26235592704,1526043773086.9536,4
1646,66.2,26235187200,1526043773284.5625,4
1647,61.8,26235912192,1526043773493.3618,4
1648,61.3,26235813888,1526043773684.1882,4
1649,63.9,26231963648,1526043773886.7688,4
1650,69.7,26229325824,1526043774084.446,4
1651,74.7,26228670464,1526043774285.708,4
1652,66.2,26228793344,1526043774485.5488,4
1653,67.8,26228019200,1526043774684.7827,4
1654,67.5,26230423552,1526043774884.3616,4
1655,82.3,26228150272,1526043775089.7158,4
1656,80.0,26234470400,1526043775284.7883,4
1657,79.6,26229190656,1526043775489.6943,4
1658,77.1,26232872960,1526043775684.199,4
1659,81.3,26223321088,1526043775888.0945,4
1660,81.4,26226397184,1526043776085.069,4
1661,80.8,26225811456,1526043776284.5068,4
1662,84.3,26221625344,1526043776486.37,4
1663,79.7,26223669248,1526043776685.2405,4
1664,77.3,26223968256,1526043776887.0806,4
1665,89.2,26220101632,1526043777086.3098,4
1666,87.9,26220359680,1526043777286.1726,4
1667,81.7,26222923776,1526043777487.0068,4
1668,83.6,26222161920,1526043777685.559,4
1669,84.2,26225508352,1526043777886.1968,4
1670,91.4,26222678016,1526043778086.4468,4
1671,90.4,26223677440,1526043778288.5818,4
1672,89.3,26219708416,1526043778484.6292,4
1673,90.0,26222292992,1526043778690.3745,4
1674,88.4,26221891584,1526043778884.7634,4
1675,93.1,26216443904,1526043779085.7654,4
1676,93.5,26216443904,1526043779285.6682,4
1677,94.8,26218065920,1526043779484.984,4
1678,91.3,26217132032,1526043779689.804,4
1679,93.7,26214764544,1526043779893.836,4
1680,93.1,26219384832,1526043780084.5356,4
1681,88.1,26217140224,1526043780289.7874,4
1682,93.5,26216267776,1526043780491.77,4
1683,89.5,26222055424,1526043780685.4272,4
1684,90.7,26220728320,1526043780889.6436,4
1685,89.0,26222596096,1526043781087.025,4
1686,92.3,26220568576,1526043781286.5637,4
1687,92.9,26220146688,1526043781488.1355,4
1688,93.8,26222174208,1526043781685.5552,4
1689,91.7,26225131520,1526043781885.8943,4
1690,94.3,26219954176,1526043782087.4712,4
1691,93.8,26223988736,1526043782285.8882,4
1692,88.5,26228412416,1526043782486.0046,4
1693,93.5,26218045440,1526043782689.5596,4
1694,94.2,26223001600,1526043782888.883,4
1695,93.0,26216824832,1526043783089.7688,4
1696,94.2,26212904960,1526043783287.49,4
1697,90.5,26221416448,1526043783490.365,4
1698,92.0,26216148992,1526043783693.76,4
1699,92.7,26218278912,1526043783887.1248,4
1700,92.5,26212302848,1526043784089.6711,4
1701,88.6,26210148352,1526043784285.6487,4
1702,95.6,26220863488,1526043784485.8042,4
1703,92.5,26217988096,1526043784686.5654,4
1704,90.4,26220457984,1526043784885.6458,4
1705,90.2,26219528192,1526043785089.0452,4
1706,90.2,26219188224,1526043785290.4585,4
1707,90.7,26224640000,1526043785493.4795,4
1708,94.3,26218340352,1526043785690.72,4
1709,90.5,26221772800,1526043785884.7896,4
1710,83.3,26219089920,1526043786085.682,4
1711,91.3,26216431616,1526043786289.7266,4
1712,95.5,26216099840,1526043786485.2974,4
1713,89.9,26217865216,1526043786685.8706,4
1714,92.3,26218663936,1526043786886.4707,4
1715,90.0,26225803264,1526043787085.0134,4
1716,87.9,26220646400,1526043787286.515,4
1717,95.1,26217545728,1526043787485.5132,4
1718,94.8,26212171776,1526043787684.7798,4
1719,90.4,26217918464,1526043787884.3674,4
1720,92.6,26217803776,1526043788088.3809,4
1721,93.6,26221494272,1526043788286.5422,4
1722,94.9,26218549248,1526043788485.667,4
1723,97.5,26218119168,1526043788689.3574,4
1724,92.9,26227245056,1526043788885.4429,4
1725,91.7,26219692032,1526043789086.2659,4
1726,95.8,26215333888,1526043789289.6746,4
1727,94.2,26215813120,1526043789491.4497,4
1728,91.1,26254524416,1526043789689.6548,4
1729,93.5,26256560128,1526043789887.4597,4
1730,89.4,26259488768,1526043790089.7568,4
1731,89.5,26255880192,1526043790288.96,4
1732,93.8,26258341888,1526043790490.2317,4
1733,91.8,26258513920,1526043790687.8733,4
1734,93.7,26256117760,1526043790887.807,4
1735,93.6,26260361216,1526043791085.8125,4
1736,93.6,26254487552,1526043791285.6848,4
1737,96.3,26255351808,1526043791488.0557,4
1738,93.0,26254548992,1526043791686.6418,4
1739,93.4,26252365824,1526043791884.6494,4
1740,93.9,26254221312,1526043792086.5833,4
1741,89.0,26254651392,1526043792287.1755,4
1742,90.3,26255278080,1526043792484.3289,4
1743,91.9,26254393344,1526043792685.8008,4
1744,92.5,26249207808,1526043792890.4043,4
1745,91.0,26247462912,1526043793090.9402,4
1746,90.6,26254217216,1526043793293.8125,4
1747,89.0,26255568896,1526043793489.704,4
1748,93.2,26258247680,1526043793689.956,4
1749,90.5,26259369984,1526043793884.4397,4
1750,92.2,26256465920,1526043794089.6023,4
1751,94.2,26255904768,1526043794288.904,4
1752,91.1,26253733888,1526043794485.6008,4
1753,94.4,26252972032,1526043794686.3389,4
1754,88.2,26258202624,1526043794884.2336,4
1755,87.9,26253746176,1526043795089.6768,4
1756,88.9,26256203776,1526043795285.081,4
1757,88.9,26259505152,1526043795489.7207,4
1758,91.0,26255908864,1526043795685.568,4
1759,91.8,26258542592,1526043795885.6685,4
1760,91.3,26253930496,1526043796087.7488,4
1761,89.0,26255695872,1526043796285.5933,4
1762,89.5,26252951552,1526043796489.7705,4
1763,92.9,26255990784,1526043796685.4717,4
1764,87.7,26256424960,1526043796890.249,4
1765,89.4,26255945728,1526043797090.218,4
1766,89.3,26253905920,1526043797284.9119,4
1767,91.9,26255147008,1526043797486.3594,4
1768,93.8,26257797120,1526043797689.488,4
1769,87.6,26257461248,1526043797889.8147,4
1770,91.5,26254528512,1526043798088.8447,4
1771,91.1,26257719296,1526043798286.3867,4
1772,92.7,26252963840,1526043798484.846,4
1773,91.4,26254200832,1526043798689.3823,4
1774,86.6,26256375808,1526043798884.561,4
1775,87.7,26255310848,1526043799086.97,4
1776,92.9,26255204352,1526043799286.4067,4
1777,88.2,26258358272,1526043799489.7446,4
1778,87.6,26258837504,1526043799684.5889,4
1779,89.2,26258608128,1526043799888.3772,4
1780,91.0,26251030528,1526043800086.7815,4
1781,91.7,26251546624,1526043800287.6309,4
1782,86.9,26258907136,1526043800484.29,4
1783,89.5,26255089664,1526043800686.2832,4
1784,91.5,26255921152,1526043800884.5151,4
1785,90.6,26260373504,1526043801087.8484,4
1786,89.6,26253987840,1526043801284.9922,4
1787,89.6,26257543168,1526043801485.093,4
1788,82.7,26254229504,1526043801684.577,4
1789,88.2,26254774272,1526043801886.4824,4
1790,84.4,26256207872,1526043802086.147,4
1791,89.5,26253213696,1526043802285.451,4
1792,88.9,26252914688,1526043802484.415,4
1793,90.0,26253815808,1526043802686.252,4
1794,91.1,26257207296,1526043802885.502,4
1795,91.6,26254561280,1526043803085.9731,4
1796,88.3,26253328384,1526043803287.1338,4
1797,90.8,26255732736,1526043803487.1235,4
1798,95.1,26251460608,1526043803689.808,4
1799,92.4,26254716928,1526043803886.0632,4
1800,92.3,26252099584,1526043804087.3853,4
1801,91.7,26253324288,1526043804288.214,4
1802,92.9,26250887168,1526043804485.5383,4
1803,92.5,26253348864,1526043804689.6775,4
1804,87.2,26254168064,1526043804885.6758,4
1805,91.3,26250883072,1526043805090.3462,4
1806,94.0,26252562432,1526043805284.3318,4
1807,94.4,26253819904,1526043805486.2087,4
1808,93.4,26256601088,1526043805684.9731,4
1809,91.8,26257711104,1526043805885.7075,4
1810,94.3,26253529088,1526043806084.7017,4
1811,92.6,26252107776,1526043806290.6448,4
1812,93.1,26255015936,1526043806490.4182,4
1813,94.8,26256961536,1526043806688.8528,4
1814,86.6,26261676032,1526043806885.279,4
1815,91.8,26257805312,1526043807090.202,4
1816,90.1,26260082688,1526043807288.886,4
1817,85.7,26256437248,1526043807493.8118,4
1818,90.7,26256678912,1526043807687.0134,4
1819,91.7,26253230080,1526043807885.5972,4
1820,91.5,26256654336,1526043808089.674,4
1821,91.0,26257776640,1526043808286.4111,4
1822,92.4,26253434880,1526043808489.6963,4
1823,90.5,26256044032,1526043808685.2878,4
1824,93.6,26251382784,1526043808886.2012,4
1825,89.8,26253393920,1526043809090.279,4
1826,92.8,26254188544,1526043809288.431,4
1827,93.2,26254241792,1526043809486.4463,4
1828,90.8,26254741504,1526043809687.0957,4
1829,88.6,26257252352,1526043809885.6804,4
1830,90.0,26254602240,1526043810087.3376,4
1831,89.0,26254823424,1526043810286.5378,4
1832,87.8,26250477568,1526043810485.739,4
1833,90.0,26250891264,1526043810687.267,4
1834,88.8,26253516800,1526043810885.565,4
1835,88.2,26250350592,1526043811086.0256,4
1836,90.9,26253279232,1526043811287.7874,4
1837,88.6,26257158144,1526043811489.1619,4
1838,90.7,26253123584,1526043811684.65,4
1839,88.4,26259722240,1526043811884.285,4
1840,82.2,26257715200,1526043812085.8606,4
1841,92.6,26253443072,1526043812289.971,4
1842,88.3,26260217856,1526043812486.2627,4
1843,88.3,26256846848,1526043812685.0034,4
1844,87.3,26259886080,1526043812885.517,4
1845,82.5,26260463616,1526043813087.8403,4
1846,89.6,26256998400,1526043813284.7056,4
1847,87.7,26258833408,1526043813487.6797,4
1848,87.7,26258079744,1526043813687.475,4
1849,84.0,26257805312,1526043813885.597,4
1850,87.6,26259230720,1526043814084.6672,4
1851,85.5,26253762560,1526043814284.5286,4
1852,88.6,26251542528,1526043814489.72,4
1853,85.9,26252292096,1526043814688.1008,4
1854,89.9,26252419072,1526043814885.6047,4
1855,89.3,26255384576,1526043815085.7607,4
1856,88.3,26255687680,1526043815284.551,4
1857,89.2,26258825216,1526043815489.411,4
1858,90.7,26255859712,1526043815686.0657,4
1859,88.2,26258071552,1526043815884.7185,4
1860,87.1,26257108992,1526043816086.479,4
1861,86.1,26256748544,1526043816289.5962,4
1862,87.6,26256941056,1526043816487.673,4
1863,87.9,26253381632,1526043816689.1248,4
1864,89.4,26252800000,1526043816884.4968,4
1865,88.2,26256281600,1526043817086.2178,4
1866,90.1,26259451904,1526043817284.4053,4
1867,82.8,26259419136,1526043817487.8904,4
1868,87.3,26255781888,1526043817684.196,4
1869,91.9,26258534400,1526043817885.4297,4
1870,90.0,26256400384,1526043818088.1296,4
1871,89.5,26256138240,1526043818285.07,4
1872,87.6,26259816448,1526043818489.6582,4
1873,84.8,26254880768,1526043818686.8381,4
1874,88.8,26255679488,1526043818885.5134,4
1875,86.3,26257186816,1526043819088.4822,4
1876,89.5,26259058688,1526043819293.7725,4
1877,89.5,26256113664,1526043819489.6892,4
1878,89.7,26253668352,1526043819689.7332,4
1879,85.3,26258501632,1526043819884.2383,4
1880,88.1,26254729216,1526043820086.1511,4
1881,90.0,26256490496,1526043820286.4255,4
1882,88.5,26256461824,1526043820487.0742,4
1883,90.5,26255740928,1526043820688.2937,4
1884,89.7,26253242368,1526043820886.1987,4
1885,91.6,26252120064,1526043821086.2678,4
1886,86.3,26256232448,1526043821286.37,4
1887,87.3,26259386368,1526043821485.2288,4
1888,83.2,26258923520,1526043821686.9062,4
1889,88.1,26256560128,1526043821889.805,4
1890,88.4,26258718720,1526043822084.6863,4
1891,87.4,26254839808,1526043822286.3306,4
1892,89.8,26254749696,1526043822489.681,4
1893,85.9,26257399808,1526043822692.074,4
1894,89.6,26253225984,1526043822889.7617,4
1895,91.3,26255728640,1526043823084.5298,4
1896,90.1,26259972096,1526043823293.639,4
1897,91.1,26258087936,1526043823484.7383,4
1898,91.4,26260135936,1526043823689.6204,4
1899,92.8,26255392768,1526043823885.212,4
1900,93.2,26253107200,1526043824093.6982,4
1901,88.5,26262777856,1526043824287.5042,4
1902,91.7,26258354176,1526043824487.413,4
1903,93.1,26256457728,1526043824689.7937,4
1904,87.7,26255409152,1526043824886.968,4
1905,94.0,26254225408,1526043825093.7312,4
1906,89.6,26257326080,1526043825289.7832,4
1907,92.3,26254000128,1526043825485.4094,4
1908,95.6,26258853888,1526043825689.2634,4
1909,87.7,26256048128,1526043825890.4563,4
1910,92.2,26258522112,1526043826089.6455,4
1911,91.1,26260545536,1526043826285.587,4
1912,90.0,26255736832,1526043826484.5625,4
1913,92.3,26253860864,1526043826686.535,4
1914,88.5,26255982592,1526043826885.3052,4
1915,94.2,26253410304,1526043827089.7642,4
1916,93.4,26259943424,1526043827285.0688,4
1917,87.6,26253053952,1526043827489.7788,4
1918,95.4,26253336576,1526043827684.821,4
1919,88.9,26258771968,1526043827886.4746,4
1920,91.4,26256355328,1526043828089.7876,4
1921,90.1,26253455360,1526043828285.6519,4
1922,91.5,26253254656,1526043828484.919,4
1923,93.9,26253901824,1526043828689.699,4
1924,92.1,26254282752,1526043828887.0342,4
1925,92.4,26252263424,1526043829084.488,4
1926,90.6,26255167488,1526043829286.6838,4
1927,88.5,26253193216,1526043829489.6987,4
1928,92.1,26250223616,1526043829685.5618,4
1929,94.9,26251264000,1526043829885.2031,4
1930,95.0,26251612160,1526043830085.6477,4
1931,93.5,26254012416,1526043830286.1013,4
1932,88.8,26256191488,1526043830488.396,4
1933,90.7,26253033472,1526043830697.6665,4
1934,91.9,26250985472,1526043830888.1978,4
1935,89.3,26251706368,1526043831089.2498,4
1936,92.3,26254991360,1526043831287.9348,4
1937,88.3,26255380480,1526043831485.5852,4
1938,92.1,26250969088,1526043831685.2266,4
1939,88.2,26256691200,1526043831885.4497,4
1940,89.6,26251370496,1526043832085.53,4
1941,92.2,26251038720,1526043832288.1191,4
1942,87.9,26258513920,1526043832489.7307,4
1943,90.3,26253099008,1526043832690.867,4
1944,89.8,26250518528,1526043832884.7395,4
1945,92.2,26255785984,1526043833090.3848,4
1946,90.3,26245672960,1526043833286.4722,4
1947,89.0,26248683520,1526043833487.1409,4
1948,89.0,26244292608,1526043833685.5845,4
1949,89.2,26220142592,1526043833886.5652,4
1950,87.2,26224594944,1526043834085.6504,4
1951,80.5,26226614272,1526043834284.6145,4
1952,78.8,26225602560,1526043834484.5684,4
1953,85.3,26220408832,1526043834684.6023,4
1954,81.3,26223996928,1526043834886.1782,4
1955,74.5,26224783360,1526043835084.6753,4
1956,75.9,26224402432,1526043835286.3706,4
1957,76.0,26224418816,1526043835485.0388,4
1958,77.1,26224562176,1526043835684.6562,4
1959,78.6,26227785728,1526043835884.3557,4
1960,73.5,26227642368,1526043836089.689,4
1961,71.2,26227404800,1526043836287.5305,4
1962,68.7,26228506624,1526043836484.8896,4
1963,74.3,26225176576,1526043836684.93,4
1964,72.8,26228490240,1526043836884.6108,4
1965,65.5,26228604928,1526043837086.8682,4
1966,64.7,26228633600,1526043837284.5718,4
1967,65.4,26228596736,1526043837484.4824,4
1968,64.2,26228822016,1526043837684.9504,4
1969,64.5,26228858880,1526043837884.3745,4
1970,61.2,26226384896,1526043838089.8164,4
1971,64.9,26227437568,1526043838289.75,4
1972,60.3,26230005760,1526043838484.3604,4
1973,61.0,26228686848,1526043838685.1938,4
1974,58.9,26228752384,1526043838884.522,4
1975,57.3,26231775232,1526043839084.7646,4
1976,57.9,26232274944,1526043839284.4717,4
1977,51.4,26231627776,1526043839484.3418,4
1978,53.7,26232299520,1526043839688.579,4
1979,52.1,26232430592,1526043839889.6245,4
1980,50.0,26235719680,1526043840084.4204,4
1981,48.3,26235830272,1526043840286.1743,4
1982,48.3,26234343424,1526043840484.3284,4
1983,49.0,26235654144,1526043840684.175,4
1984,52.6,26233430016,1526043840885.116,4
1985,46.1,26237542400,1526043841084.5378,4
1986,46.3,26237640704,1526043841284.4243,4
1987,45.6,26237198336,1526043841484.1711,4
1988,46.4,26236788736,1526043841684.445,4
1989,43.9,26237628416,1526043841884.2727,4
1990,46.9,26240933888,1526043842084.2422,4
1991,37.8,26240618496,1526043842284.3618,4
1992,41.5,26278051840,1526043842484.421,4
1993,40.3,26277699584,1526043842684.434,4
1994,38.2,26277834752,1526043842884.3481,4
1995,43.4,26278371328,1526043843084.3933,4
1996,40.7,26278019072,1526043843284.2363,4
