,client_id,client_recv,client_send,feedback,frame_id,server_recv,server_send,run_id
0,0,1530624246588.6365,1530624246482.6365,False,13,1530624246482.689,1530624246586.001,0
1,0,1530624246695.6365,1530624246606.6365,False,14,1530624246606.8171,1530624246684.641,0
2,0,1530624246748.6365,1530624246705.6365,False,15,1530624246704.524,1530624246747.024,0
3,0,1530624246800.6365,1530624246754.6365,False,16,1530624246755.9812,1530624246798.538,0
4,0,1530624246871.6365,1530624246824.6365,False,17,1530624246827.3591,1530624246869.0188,0
5,0,1530624246936.6365,1530624246899.6365,False,18,1530624246897.987,1530624246933.669,0
6,0,1530624246995.6365,1530624246963.6365,False,19,1530624246962.607,1530624246993.334,0
7,0,1530624247068.6365,1530624247028.6365,False,20,1530624247028.4202,1530624247065.8972,0
8,0,1530624247135.6365,1530624247101.6365,False,21,1530624247101.3909,1530624247133.588,0
9,0,1530624247199.6365,1530624247161.6365,False,22,1530624247162.195,1530624247196.3372,0
10,0,1530624247266.6365,1530624247229.6365,False,23,1530624247229.468,1530624247265.415,0
11,0,1530624247322.6365,1530624247293.6365,False,24,1530624247294.163,1530624247320.0898,0
12,0,1530624247388.6365,1530624247360.6365,False,25,1530624247361.027,1530624247386.492,0
13,0,1530624247463.6365,1530624247432.6365,False,26,1530624247432.112,1530624247459.993,0
14,0,1530624247547.6365,1530624247509.6365,False,27,1530624247504.9731,1530624247545.605,0
15,0,1530624247604.6365,1530624247563.6365,False,28,1530624247561.7979,1530624247601.479,0
16,0,1530624247669.6365,1530624247629.6365,False,29,1530624247630.8389,1530624247667.8352,0
17,0,1530624247734.6365,1530624247695.6365,False,30,1530624247696.536,1530624247731.207,0
18,0,1530624247801.6365,1530624247770.6365,False,31,1530624247770.6829,1530624247800.178,0
19,0,1530624247872.6365,1530624247833.6365,False,32,1530624247833.437,1530624247869.561,0
20,0,1530624247932.6365,1530624247896.6365,False,33,1530624247897.39,1530624247930.134,0
21,0,1530624248006.6365,1530624247965.6365,False,34,1530624247966.343,1530624248003.3362,0
22,0,1530624248073.6365,1530624248036.6365,False,35,1530624248036.049,1530624248071.078,0
23,0,1530624248127.6365,1530624248098.6365,False,36,1530624248100.242,1530624248125.492,0
24,0,1530624248202.6365,1530624248168.6365,False,37,1530624248168.6519,1530624248198.665,0
25,0,1530624248274.6365,1530624248233.6365,False,38,1530624248233.7422,1530624248271.377,0
26,0,1530624248334.6365,1530624248298.6365,False,39,1530624248300.065,1530624248333.337,0
27,0,1530624248400.6365,1530624248363.6365,False,40,1530624248364.894,1530624248398.074,0
28,0,1530624248474.6365,1530624248438.6365,False,41,1530624248436.262,1530624248469.478,0
29,0,1530624248547.6365,1530624248506.6365,False,42,1530624248507.219,1530624248542.178,0
30,0,1530624248601.6365,1530624248569.6365,False,43,1530624248569.657,1530624248597.053,0
31,0,1530624248667.6365,1530624248632.6365,False,44,1530624248633.4548,1530624248665.423,0
32,0,1530624248736.6365,1530624248701.6365,False,45,1530624248701.444,1530624248733.7969,0
33,0,1530624248807.6365,1530624248775.6365,False,46,1530624248773.929,1530624248805.332,0
34,0,1530624248888.6365,1530624248840.6365,False,47,1530624248843.448,1530624248884.099,0
35,0,1530624248941.6365,1530624248902.6365,False,48,1530624248903.019,1530624248938.383,0
36,0,1530624249004.6365,1530624248968.6365,False,49,1530624248970.02,1530624249002.23,0
37,0,1530624249077.6365,1530624249039.6365,False,50,1530624249039.595,1530624249075.035,0
38,0,1530624249152.6365,1530624249109.6365,False,51,1530624249104.466,1530624249150.533,0
39,0,1530624249208.6365,1530624249170.6365,False,52,1530624249171.052,1530624249205.458,0
40,0,1530624249285.6365,1530624249240.6365,False,53,1530624249240.886,1530624249283.0051,0
41,0,1530624249353.6365,1530624249307.6365,False,54,1530624249307.248,1530624249350.347,0
42,0,1530624250778.6365,1530624249376.6365,True,55,1530624249377.8389,1530624249874.899,0
43,0,1530624251389.6365,1530624250838.6365,False,56,1530624250838.488,1530624251352.6812,0
44,0,1530624251939.6365,1530624251402.6365,False,57,1530624251403.3608,1530624251935.9731,0
45,0,1530624252005.6365,1530624251954.6365,False,58,1530624251954.033,1530624252003.1228,0
46,0,1530624252077.6365,1530624252012.6365,False,59,1530624252012.762,1530624252074.6511,0
47,0,1530624252122.6365,1530624252092.6365,False,60,1530624252090.116,1530624252120.627,0
48,0,1530624252166.6365,1530624252130.6365,False,61,1530624252131.107,1530624252164.414,0
49,0,1530624252222.6365,1530624252180.6365,False,62,1530624252180.18,1530624252220.537,0
50,0,1530624252293.6365,1530624252247.6365,False,63,1530624252246.505,1530624252290.893,0
51,0,1530624252363.6365,1530624252310.6365,False,64,1530624252311.0378,1530624252362.2239,0
52,0,1530624252421.6365,1530624252374.6365,False,65,1530624252375.7102,1530624252420.313,0
53,0,1530624252465.6365,1530624252447.6365,False,66,1530624252446.266,1530624252463.219,0
54,0,1530624252529.6365,1530624252513.6365,False,67,1530624252514.314,1530624252527.66,0
55,0,1530624252600.6365,1530624252582.6365,False,68,1530624252582.73,1530624252596.75,0
56,0,1530624252665.6365,1530624252648.6365,False,69,1530624252648.5872,1530624252662.5679,0
57,0,1530624252731.6365,1530624252715.6365,False,70,1530624252715.356,1530624252729.3782,0
58,0,1530624252812.6365,1530624252785.6365,False,71,1530624252783.569,1530624252809.821,0
59,0,1530624252869.6365,1530624252852.6365,False,72,1530624252851.088,1530624252867.415,0
60,0,1530624252959.6365,1530624252913.6365,False,73,1530624252914.605,1530624252956.8079,0
61,0,1530624253001.6365,1530624252982.6365,False,74,1530624252982.72,1530624252998.135,0
62,0,1530624253068.6365,1530624253050.6365,False,75,1530624253050.881,1530624253066.362,0
63,0,1530624253132.6365,1530624253116.6365,False,76,1530624253116.75,1530624253130.631,0
64,0,1530624253204.6365,1530624253183.6365,False,77,1530624253184.0881,1530624253200.656,0
65,0,1530624253266.6365,1530624253251.6365,False,78,1530624253250.448,1530624253265.0232,0
66,0,1530624253345.6365,1530624253312.6365,False,79,1530624253314.412,1530624253342.229,0
67,0,1530624253399.6365,1530624253384.6365,False,80,1530624253383.9338,1530624253397.552,0
68,0,1530624253468.6365,1530624253450.6365,False,81,1530624253451.665,1530624253465.99,0
69,0,1530624253538.6365,1530624253521.6365,False,82,1530624253520.1008,1530624253536.208,0
70,0,1530624253601.6365,1530624253585.6365,False,83,1530624253584.9639,1530624253600.265,0
71,0,1530624253667.6365,1530624253651.6365,False,84,1530624253651.655,1530624253665.255,0
72,0,1530624253738.6365,1530624253716.6365,False,85,1530624253717.302,1530624253735.491,0
73,0,1530624253802.6365,1530624253785.6365,False,86,1530624253786.229,1530624253800.573,0
74,0,1530624253870.6365,1530624253852.6365,False,87,1530624253853.1929,1530624253867.976,0
75,0,1530624253935.6365,1530624253917.6365,False,88,1530624253918.394,1530624253933.27,0
76,0,1530624254013.6365,1530624253987.6365,False,89,1530624253989.691,1530624254011.529,0
77,0,1530624254078.6365,1530624254053.6365,False,90,1530624254053.491,1530624254075.1401,0
78,0,1530624254138.6365,1530624254117.6365,False,91,1530624254118.554,1530624254136.101,0
79,0,1530624254204.6365,1530624254186.6365,False,92,1530624254187.245,1530624254203.345,0
80,0,1530624254285.6365,1530624254256.6365,False,93,1530624254256.915,1530624254282.542,0
81,0,1530624254350.6365,1530624254331.6365,False,94,1530624254324.123,1530624254347.791,0
82,0,1530624254425.6365,1530624254391.6365,False,95,1530624254391.862,1530624254421.495,0
83,0,1530624254485.6365,1530624254456.6365,False,96,1530624254456.7578,1530624254483.176,0
84,0,1530624254561.6365,1530624254523.6365,False,97,1530624254524.2202,1530624254558.9902,0
85,0,1530624254632.6365,1530624254595.6365,False,98,1530624254593.393,1530624254630.797,0
86,0,1530624254690.6365,1530624254656.6365,False,99,1530624254657.06,1530624254687.851,0
87,0,1530624254770.6365,1530624254725.6365,False,100,1530624254724.413,1530624254766.587,0
88,0,1530624254834.6365,1530624254798.6365,False,101,1530624254796.357,1530624254831.658,0
89,0,1530624254954.6365,1530624254856.6365,False,102,1530624254856.9128,1530624254951.835,0
90,0,1530624255014.6365,1530624254969.6365,False,103,1530624254969.831,1530624255011.246,0
91,0,1530624255071.6365,1530624255028.6365,False,104,1530624255029.903,1530624255070.144,0
92,0,1530624255116.6365,1530624255076.6365,False,105,1530624255077.598,1530624255115.8801,0
93,0,1530624255174.6365,1530624255121.6365,False,106,1530624255122.699,1530624255173.935,0
94,0,1530624255264.6365,1530624255188.6365,False,107,1530624255194.535,1530624255263.302,0
95,0,1530624255324.6365,1530624255269.6365,False,108,1530624255270.521,1530624255321.169,0
96,0,1530624255397.6365,1530624255339.6365,False,109,1530624255337.938,1530624255394.911,0
97,0,1530624255457.6365,1530624255419.6365,False,110,1530624255418.103,1530624255454.645,0
98,0,1530624255509.6365,1530624255468.6365,False,111,1530624255469.329,1530624255508.201,0
99,0,1530624255575.6365,1530624255529.6365,False,112,1530624255530.335,1530624255573.354,0
100,0,1530624255641.6365,1530624255594.6365,False,113,1530624255596.6829,1530624255637.595,0
101,0,1530624255703.6365,1530624255662.6365,False,114,1530624255662.707,1530624255701.6519,0
102,0,1530624255787.6365,1530624255729.6365,False,115,1530624255729.882,1530624255785.7532,0
103,0,1530624255882.6365,1530624255807.6365,False,116,1530624255801.803,1530624255880.5532,0
104,0,1530624255972.6365,1530624255895.6365,False,117,1530624255894.546,1530624255969.7578,0
105,0,1530624256051.6365,1530624255988.6365,False,118,1530624255987.877,1530624256049.945,0
106,0,1530624256118.6365,1530624256061.6365,False,119,1530624256060.98,1530624256115.068,0
107,0,1530624256189.6365,1530624256137.6365,False,120,1530624256136.5852,1530624256188.481,0
108,0,1530624256255.6365,1530624256194.6365,False,121,1530624256196.122,1530624256254.701,0
109,0,1530624256304.6365,1530624256261.6365,False,122,1530624256264.321,1530624256303.399,0
110,0,1530624256361.6365,1530624256330.6365,False,123,1530624256331.4612,1530624256358.84,0
111,0,1530624256431.6365,1530624256400.6365,False,124,1530624256400.7158,1530624256429.3481,0
112,0,1530624256505.6365,1530624256465.6365,False,125,1530624256465.8591,1530624256502.113,0
113,0,1530624256565.6365,1530624256530.6365,False,126,1530624256531.559,1530624256563.543,0
114,0,1530624256620.6365,1530624256602.6365,False,127,1530624256600.396,1530624256618.039,0
115,0,1530624256717.6365,1530624256670.6365,False,128,1530624256671.193,1530624256715.613,0
116,0,1530624256785.6365,1530624256734.6365,False,129,1530624256734.84,1530624256782.8088,0
117,0,1530624256843.6365,1530624256800.6365,False,130,1530624256801.1262,1530624256841.091,0
118,0,1530624256925.6365,1530624256872.6365,False,131,1530624256870.4102,1530624256921.89,0
119,0,1530624257000.6365,1530624256939.6365,False,132,1530624256937.5571,1530624256997.9111,0
120,0,1530624257066.6365,1530624257012.6365,False,133,1530624257012.056,1530624257064.594,0
121,0,1530624257132.6365,1530624257072.6365,False,134,1530624257073.6208,1530624257131.976,0
122,0,1530624257205.6365,1530624257136.6365,False,135,1530624257139.488,1530624257201.63,0
123,0,1530624257280.6365,1530624257218.6365,False,136,1530624257217.719,1530624257273.736,0
124,0,1530624257341.6365,1530624257293.6365,False,137,1530624257293.239,1530624257340.35,0
125,0,1530624257391.6365,1530624257358.6365,False,138,1530624257357.801,1530624257389.66,0
126,0,1530624257439.6365,1530624257402.6365,False,139,1530624257402.5342,1530624257438.377,0
127,0,1530624257510.6365,1530624257470.6365,False,140,1530624257471.372,1530624257506.854,0
128,0,1530624257587.6365,1530624257538.6365,False,141,1530624257538.0852,1530624257584.0989,0
129,0,1530624257654.6365,1530624257602.6365,False,142,1530624257603.957,1530624257653.0999,0
130,0,1530624257708.6365,1530624257669.6365,False,143,1530624257670.639,1530624257705.4348,0
131,0,1530624257803.6365,1530624257745.6365,False,144,1530624257740.1428,1530624257800.521,0
132,0,1530624257848.6365,1530624257814.6365,False,145,1530624257815.061,1530624257845.378,0
133,0,1530624257924.6365,1530624257872.6365,False,146,1530624257872.944,1530624257920.3572,0
134,0,1530624258004.6365,1530624257947.6365,False,147,1530624257944.094,1530624258001.263,0
135,0,1530624258065.6365,1530624258015.6365,False,148,1530624258017.362,1530624258064.326,0
136,0,1530624258108.6365,1530624258070.6365,False,149,1530624258071.597,1530624258105.697,0
137,0,1530624258171.6365,1530624258143.6365,False,150,1530624258142.667,1530624258169.8591,0
138,0,1530624258243.6365,1530624258207.6365,False,151,1530624258207.569,1530624258240.0781,0
139,0,1530624258331.6365,1530624258274.6365,False,152,1530624258274.703,1530624258329.38,0
140,0,1530624258396.6365,1530624258347.6365,False,153,1530624258347.4001,1530624258393.409,0
141,0,1530624258469.6365,1530624258410.6365,False,154,1530624258408.908,1530624258467.5872,0
142,0,1530624259071.6365,1530624258482.6365,True,155,1530624258482.0852,1530624258956.975,0
143,0,1530624259682.6365,1530624259108.6365,False,156,1530624259109.32,1530624259610.531,0
144,0,1530624260296.6365,1530624259693.6365,False,157,1530624259693.504,1530624260205.948,0
145,0,1530624260379.6365,1530624260307.6365,False,158,1530624260307.487,1530624260376.7961,0
146,0,1530624260457.6365,1530624260394.6365,False,159,1530624260394.131,1530624260456.079,0
147,0,1530624260534.6365,1530624260471.6365,False,160,1530624260470.547,1530624260532.2368,0
148,0,1530624260588.6365,1530624260547.6365,False,161,1530624260546.028,1530624260585.853,0
149,0,1530624260634.6365,1530624260601.6365,False,162,1530624260600.9438,1530624260633.3381,0
150,0,1530624260695.6365,1530624260660.6365,False,163,1530624260658.7512,1530624260693.447,0
151,0,1530624260767.6365,1530624260713.6365,False,164,1530624260714.855,1530624260765.4229,0
152,0,1530624260808.6365,1530624260782.6365,False,165,1530624260781.966,1530624260806.0508,0
153,0,1530624260893.6365,1530624260851.6365,False,166,1530624260850.77,1530624260891.2942,0
154,0,1530624260959.6365,1530624260915.6365,False,167,1530624260916.074,1530624260958.673,0
155,0,1530624261025.6365,1530624260982.6365,False,168,1530624260982.8298,1530624261023.1729,0
156,0,1530624261067.6365,1530624261050.6365,False,169,1530624261050.977,1530624261065.7952,0
157,0,1530624261135.6365,1530624261118.6365,False,170,1530624261118.224,1530624261131.7832,0
158,0,1530624261206.6365,1530624261190.6365,False,171,1530624261184.976,1530624261204.97,0
159,0,1530624261269.6365,1530624261251.6365,False,172,1530624261252.0,1530624261266.262,0
160,0,1530624261334.6365,1530624261318.6365,False,173,1530624261318.629,1530624261332.537,0
161,0,1530624261407.6365,1530624261386.6365,False,174,1530624261389.136,1530624261402.8381,0
162,0,1530624261467.6365,1530624261453.6365,False,175,1530624261454.1301,1530624261466.026,0
163,0,1530624261532.6365,1530624261516.6365,False,176,1530624261518.01,1530624261530.419,0
164,0,1530624261628.6365,1530624261588.6365,False,177,1530624261588.548,1530624261625.708,0
165,0,1530624261673.6365,1530624261656.6365,False,178,1530624261657.3508,1530624261671.835,0
166,0,1530624261735.6365,1530624261719.6365,False,179,1530624261719.0852,1530624261733.342,0
167,0,1530624261835.6365,1530624261789.6365,False,180,1530624261789.172,1530624261830.234,0
168,0,1530624261872.6365,1530624261854.6365,False,181,1530624261855.2732,1530624261870.0132,0
169,0,1530624261963.6365,1530624261925.6365,False,182,1530624261922.1992,1530624261960.819,0
170,0,1530624262032.6365,1530624261991.6365,False,183,1530624261990.227,1530624262030.3442,0
171,0,1530624262096.6365,1530624262056.6365,False,184,1530624262057.001,1530624262093.264,0
172,0,1530624262168.6365,1530624262124.6365,False,185,1530624262124.397,1530624262166.758,0
173,0,1530624262227.6365,1530624262190.6365,False,186,1530624262191.02,1530624262224.009,0
174,0,1530624262287.6365,1530624262254.6365,False,187,1530624262257.236,1530624262284.742,0
175,0,1530624262354.6365,1530624262321.6365,False,188,1530624262322.201,1530624262352.919,0
176,0,1530624262422.6365,1530624262392.6365,False,189,1530624262391.616,1530624262420.075,0
177,0,1530624262493.6365,1530624262457.6365,False,190,1530624262457.904,1530624262487.533,0
178,0,1530624262559.6365,1530624262537.6365,False,191,1530624262535.631,1530624262558.3982,0
179,0,1530624262622.6365,1530624262589.6365,False,192,1530624262590.302,1530624262621.663,0
180,0,1530624262686.6365,1530624262653.6365,False,193,1530624262655.202,1530624262684.8489,0
181,0,1530624262762.6365,1530624262724.6365,False,194,1530624262724.049,1530624262761.019,0
182,0,1530624262829.6365,1530624262792.6365,False,195,1530624262792.2952,1530624262826.988,0
183,0,1530624262908.6365,1530624262861.6365,False,196,1530624262859.816,1530624262905.96,0
184,0,1530624262969.6365,1530624262927.6365,False,197,1530624262926.731,1530624262966.455,0
185,0,1530624263054.6365,1530624262996.6365,False,198,1530624262994.799,1530624263052.392,0
186,0,1530624263104.6365,1530624263062.6365,False,199,1530624263064.853,1530624263100.845,0
187,0,1530624263168.6365,1530624263127.6365,False,200,1530624263127.458,1530624263166.094,0
188,0,1530624263235.6365,1530624263194.6365,False,201,1530624263194.2979,1530624263233.148,0
189,0,1530624263307.6365,1530624263262.6365,False,202,1530624263260.941,1530624263303.228,0
190,0,1530624263385.6365,1530624263329.6365,False,203,1530624263329.428,1530624263383.752,0
191,0,1530624263437.6365,1530624263399.6365,False,204,1530624263396.71,1530624263435.651,0
192,0,1530624263506.6365,1530624263465.6365,False,205,1530624263464.7002,1530624263503.051,0
193,0,1530624263582.6365,1530624263532.6365,False,206,1530624263532.215,1530624263580.907,0
194,0,1530624263638.6365,1530624263596.6365,False,207,1530624263596.439,1530624263636.161,0
195,0,1530624263704.6365,1530624263665.6365,False,208,1530624263664.951,1530624263702.556,0
196,0,1530624263769.6365,1530624263730.6365,False,209,1530624263730.868,1530624263767.145,0
197,0,1530624263860.6365,1530624263800.6365,False,210,1530624263800.031,1530624263858.461,0
198,0,1530624263929.6365,1530624263869.6365,False,211,1530624263869.6992,1530624263927.769,0
199,0,1530624264000.6365,1530624263931.6365,False,212,1530624263933.0842,1530624263998.1309,0
200,0,1530624264076.6365,1530624264009.6365,False,213,1530624264009.7542,1530624264074.205,0
201,0,1530624264148.6365,1530624264087.6365,False,214,1530624264086.207,1530624264146.356,0
202,0,1530624264222.6365,1530624264160.6365,False,215,1530624264160.519,1530624264217.819,0
203,0,1530624264291.6365,1530624264232.6365,False,216,1530624264231.604,1530624264289.475,0
204,0,1530624264355.6365,1530624264302.6365,False,217,1530624264303.374,1530624264354.0469,0
205,0,1530624264429.6365,1530624264365.6365,False,218,1530624264364.7441,1530624264426.182,0
206,0,1530624264511.6365,1530624264441.6365,False,219,1530624264439.746,1530624264509.126,0
207,0,1530624264587.6365,1530624264517.6365,False,220,1530624264518.3901,1530624264585.565,0
208,0,1530624264679.6365,1530624264596.6365,False,221,1530624264596.157,1530624264676.803,0
209,0,1530624264766.6365,1530624264689.6365,False,222,1530624264688.874,1530624264763.666,0
210,0,1530624264823.6365,1530624264778.6365,False,223,1530624264777.738,1530624264821.101,0
211,0,1530624264893.6365,1530624264832.6365,False,224,1530624264832.218,1530624264891.7,0
212,0,1530624264949.6365,1530624264903.6365,False,225,1530624264901.579,1530624264946.822,0
213,0,1530624265021.6365,1530624264956.6365,False,226,1530624264957.039,1530624265019.799,0
214,0,1530624265087.6365,1530624265026.6365,False,227,1530624265027.44,1530624265085.2468,0
215,0,1530624265161.6365,1530624265097.6365,False,228,1530624265097.3208,1530624265159.2,0
216,0,1530624265234.6365,1530624265173.6365,False,229,1530624265173.005,1530624265231.0361,0
217,0,1530624265333.6365,1530624265242.6365,False,230,1530624265242.5469,1530624265330.009,0
218,0,1530624265398.6365,1530624265342.6365,False,231,1530624265342.686,1530624265396.836,0
219,0,1530624265509.6365,1530624265410.6365,False,232,1530624265410.466,1530624265505.165,0
220,0,1530624265605.6365,1530624265521.6365,False,233,1530624265518.873,1530624265603.866,0
221,0,1530624265675.6365,1530624265617.6365,False,234,1530624265616.1892,1530624265672.806,0
222,0,1530624265726.6365,1530624265688.6365,False,235,1530624265690.101,1530624265724.313,0
223,0,1530624265774.6365,1530624265739.6365,False,236,1530624265739.772,1530624265772.186,0
224,0,1530624265878.6365,1530624265809.6365,False,237,1530624265804.766,1530624265875.099,0
225,0,1530624265928.6365,1530624265888.6365,False,238,1530624265889.793,1530624265923.132,0
226,0,1530624265979.6365,1530624265947.6365,False,239,1530624265947.613,1530624265978.247,0
227,0,1530624266058.6365,1530624266007.6365,False,240,1530624266008.5742,1530624266055.76,0
228,0,1530624266115.6365,1530624266071.6365,False,241,1530624266072.757,1530624266113.122,0
229,0,1530624266187.6365,1530624266142.6365,False,242,1530624266141.983,1530624266182.8,0
230,0,1530624266247.6365,1530624266212.6365,False,243,1530624266211.013,1530624266245.232,0
231,0,1530624266312.6365,1530624266275.6365,False,244,1530624266275.524,1530624266309.811,0
232,0,1530624266378.6365,1530624266349.6365,False,245,1530624266343.437,1530624266376.502,0
233,0,1530624266445.6365,1530624266420.6365,False,246,1530624266413.026,1530624266442.635,0
234,0,1530624266514.6365,1530624266476.6365,False,247,1530624266477.747,1530624266513.726,0
235,0,1530624266576.6365,1530624266544.6365,False,248,1530624266544.737,1530624266575.7942,0
236,0,1530624266653.6365,1530624266612.6365,False,249,1530624266612.035,1530624266651.635,0
237,0,1530624266716.6365,1530624266680.6365,False,250,1530624266679.18,1530624266714.9312,0
238,0,1530624266781.6365,1530624266745.6365,False,251,1530624266746.28,1530624266779.7039,0
239,0,1530624266863.6365,1530624266811.6365,False,252,1530624266811.8281,1530624266859.881,0
240,0,1530624266917.6365,1530624266876.6365,False,253,1530624266877.688,1530624266913.725,0
241,0,1530624266988.6365,1530624266947.6365,False,254,1530624266947.456,1530624266985.9312,0
242,0,1530624267045.6365,1530624267013.6365,False,255,1530624267013.544,1530624267043.1428,0
243,0,1530624267112.6365,1530624267077.6365,False,256,1530624267078.318,1530624267109.864,0
244,0,1530624267181.6365,1530624267148.6365,False,257,1530624267148.439,1530624267178.319,0
245,0,1530624267251.6365,1530624267213.6365,False,258,1530624267214.1082,1530624267247.903,0
246,0,1530624267312.6365,1530624267281.6365,False,259,1530624267283.084,1530624267309.914,0
247,0,1530624267391.6365,1530624267349.6365,False,260,1530624267351.0,1530624267385.6528,0
248,0,1530624267454.6365,1530624267418.6365,False,261,1530624267416.694,1530624267453.491,0
249,0,1530624267515.6365,1530624267477.6365,False,262,1530624267478.679,1530624267513.717,0
250,0,1530624267589.6365,1530624267548.6365,False,263,1530624267548.616,1530624267585.7031,0
251,0,1530624267655.6365,1530624267616.6365,False,264,1530624267617.249,1530624267654.013,0
252,0,1530624267725.6365,1530624267688.6365,False,265,1530624267686.4001,1530624267721.634,0
253,0,1530624267788.6365,1530624267751.6365,False,266,1530624267752.026,1530624267785.89,0
254,0,1530624267858.6365,1530624267816.6365,False,267,1530624267818.895,1530624267856.04,0
255,0,1530624267918.6365,1530624267885.6365,False,268,1530624267884.493,1530624267916.3901,0
256,0,1530624267989.6365,1530624267956.6365,False,269,1530624267952.577,1530624267986.987,0
257,0,1530624268061.6365,1530624268025.6365,False,270,1530624268024.707,1530624268059.6812,0
258,0,1530624268128.6365,1530624268089.6365,False,271,1530624268089.48,1530624268124.802,0
259,0,1530624268194.6365,1530624268153.6365,False,272,1530624268152.844,1530624268191.701,0
260,0,1530624268255.6365,1530624268220.6365,False,273,1530624268220.657,1530624268252.9182,0
261,0,1530624268329.6365,1530624268286.6365,False,274,1530624268287.256,1530624268326.958,0
262,0,1530624268405.6365,1530624268361.6365,False,275,1530624268361.6748,1530624268403.519,0
263,0,1530624268465.6365,1530624268423.6365,False,276,1530624268420.8179,1530624268462.952,0
264,0,1530624269108.6365,1530624268485.6365,True,277,1530624268486.0022,1530624269040.4731,0
265,0,1530624269718.6365,1530624269147.6365,False,278,1530624269147.228,1530624269683.8262,0
266,0,1530624270332.6365,1530624269729.6365,False,279,1530624269729.6301,1530624270287.574,0
267,0,1530624270388.6365,1530624270344.6365,False,280,1530624270343.717,1530624270387.575,0
268,0,1530624270443.6365,1530624270396.6365,False,281,1530624270396.712,1530624270441.1,0
269,0,1530624270488.6365,1530624270452.6365,False,282,1530624270452.3828,1530624270486.7632,0
270,0,1530624270541.6365,1530624270495.6365,False,283,1530624270497.7239,1530624270539.028,0
271,0,1530624270586.6365,1530624270554.6365,False,284,1530624270554.375,1530624270584.9739,0
272,0,1530624270665.6365,1530624270619.6365,False,285,1530624270621.2031,1530624270662.761,0
273,0,1530624270715.6365,1530624270688.6365,False,286,1530624270688.455,1530624270713.173,0
274,0,1530624270796.6365,1530624270757.6365,False,287,1530624270755.594,1530624270793.6619,0
275,0,1530624270848.6365,1530624270823.6365,False,288,1530624270823.264,1530624270846.5388,0
276,0,1530624270929.6365,1530624270898.6365,False,289,1530624270891.414,1530624270927.2542,0
277,0,1530624270995.6365,1530624270955.6365,False,290,1530624270956.028,1530624270993.6328,0
278,0,1530624271057.6365,1530624271023.6365,False,291,1530624271025.9219,1530624271056.3389,0
279,0,1530624271137.6365,1530624271088.6365,False,292,1530624271088.676,1530624271135.403,0
280,0,1530624271211.6365,1530624271156.6365,False,293,1530624271157.672,1530624271209.27,0
281,0,1530624271261.6365,1530624271227.6365,False,294,1530624271227.6711,1530624271258.166,0
282,0,1530624271334.6365,1530624271295.6365,False,295,1530624271294.9211,1530624271330.019,0
283,0,1530624271395.6365,1530624271366.6365,False,296,1530624271358.493,1530624271393.813,0
284,0,1530624271453.6365,1530624271426.6365,False,297,1530624271427.571,1530624271452.607,0
285,0,1530624271532.6365,1530624271489.6365,False,298,1530624271494.007,1530624271529.559,0
286,0,1530624271592.6365,1530624271559.6365,False,299,1530624271559.388,1530624271590.693,0
287,0,1530624271666.6365,1530624271628.6365,False,300,1530624271632.412,1530624271663.7861,0
288,0,1530624271739.6365,1530624271692.6365,False,301,1530624271693.4912,1530624271737.116,0
289,0,1530624271800.6365,1530624271759.6365,False,302,1530624271762.4712,1530624271798.875,0
290,0,1530624271866.6365,1530624271826.6365,False,303,1530624271824.979,1530624271862.776,0
291,0,1530624271919.6365,1530624271896.6365,False,304,1530624271897.718,1530624271916.717,0
292,0,1530624271998.6365,1530624271970.6365,False,305,1530624271967.374,1530624271997.635,0
293,0,1530624272061.6365,1530624272026.6365,False,306,1530624272027.8792,1530624272059.434,0
294,0,1530624272121.6365,1530624272091.6365,False,307,1530624272092.6719,1530624272120.0989,0
295,0,1530624272201.6365,1530624272169.6365,False,308,1530624272163.887,1530624272197.453,0
296,0,1530624272284.6365,1530624272232.6365,False,309,1530624272230.921,1530624272281.296,0
297,0,1530624272338.6365,1530624272294.6365,False,310,1530624272295.874,1530624272335.17,0
298,0,1530624272399.6365,1530624272360.6365,False,311,1530624272361.156,1530624272397.635,0
299,0,1530624272467.6365,1530624272436.6365,False,312,1530624272433.137,1530624272466.59,0
300,0,1530624272535.6365,1530624272493.6365,False,313,1530624272496.39,1530624272534.5278,0
301,0,1530624272599.6365,1530624272559.6365,False,314,1530624272560.6782,1530624272598.603,0
302,0,1530624272669.6365,1530624272626.6365,False,315,1530624272627.646,1530624272668.37,0
303,0,1530624272732.6365,1530624272694.6365,False,316,1530624272695.4758,1530624272731.383,0
304,0,1530624272810.6365,1530624272764.6365,False,317,1530624272764.022,1530624272805.53,0
305,0,1530624272863.6365,1530624272826.6365,False,318,1530624272828.24,1530624272862.985,0
306,0,1530624272938.6365,1530624272895.6365,False,319,1530624272897.011,1530624272937.7422,0
307,0,1530624273016.6365,1530624272961.6365,False,320,1530624272962.915,1530624273015.195,0
308,0,1530624273087.6365,1530624273029.6365,False,321,1530624273030.829,1530624273084.509,0
309,0,1530624273154.6365,1530624273101.6365,False,322,1530624273101.064,1530624273151.58,0
310,0,1530624273227.6365,1530624273174.6365,False,323,1530624273172.856,1530624273223.138,0
311,0,1530624273309.6365,1530624273236.6365,False,324,1530624273236.708,1530624273308.141,0
312,0,1530624273376.6365,1530624273318.6365,False,325,1530624273319.822,1530624273374.6511,0
313,0,1530624273446.6365,1530624273388.6365,False,326,1530624273387.573,1530624273443.563,0
314,0,1530624273520.6365,1530624273454.6365,False,327,1530624273454.8032,1530624273518.0762,0
315,0,1530624273586.6365,1530624273534.6365,False,328,1530624273533.7512,1530624273584.3308,0
316,0,1530624273650.6365,1530624273602.6365,False,329,1530624273599.028,1530624273647.715,0
317,0,1530624273721.6365,1530624273662.6365,False,330,1530624273661.847,1530624273718.863,0
318,0,1530624273797.6365,1530624273730.6365,False,331,1530624273730.655,1530624273794.9502,0
319,0,1530624273882.6365,1530624273808.6365,False,332,1530624273811.577,1530624273877.8882,0
320,0,1530624274001.6365,1530624273896.6365,False,333,1530624273896.4128,1530624273999.246,0
321,0,1530624274089.6365,1530624274012.6365,False,334,1530624274013.855,1530624274087.406,0
322,0,1530624274185.6365,1530624274098.6365,False,335,1530624274097.893,1530624274182.635,0
323,0,1530624274239.6365,1530624274196.6365,False,336,1530624274196.771,1530624274237.374,0
324,0,1530624274298.6365,1530624274249.6365,False,337,1530624274248.157,1530624274296.645,0
325,0,1530624274360.6365,1530624274308.6365,False,338,1530624274309.371,1530624274357.343,0
326,0,1530624274417.6365,1530624274374.6365,False,339,1530624274372.166,1530624274415.5178,0
327,0,1530624274486.6365,1530624274440.6365,False,340,1530624274441.1428,1530624274483.786,0
328,0,1530624274576.6365,1530624274510.6365,False,341,1530624274510.141,1530624274573.5151,0
329,0,1530624274651.6365,1530624274590.6365,False,342,1530624274590.7961,1530624274649.6572,0
330,0,1530624274709.6365,1530624274661.6365,False,343,1530624274663.215,1530624274707.193,0
331,0,1530624274768.6365,1530624274719.6365,False,344,1530624274719.2031,1530624274766.079,0
332,0,1530624274821.6365,1530624274780.6365,False,345,1530624274780.5461,1530624274818.7642,0
333,0,1530624274899.6365,1530624274856.6365,False,346,1530624274842.445,1530624274895.74,0
334,0,1530624274951.6365,1530624274907.6365,False,347,1530624274908.7559,1530624274949.716,0
335,0,1530624275031.6365,1530624274972.6365,False,348,1530624274974.964,1530624275029.205,0
336,0,1530624275091.6365,1530624275046.6365,False,349,1530624275045.539,1530624275088.3079,0
337,0,1530624275152.6365,1530624275112.6365,False,350,1530624275111.83,1530624275149.83,0
338,0,1530624275218.6365,1530624275177.6365,False,351,1530624275177.882,1530624275216.997,0
339,0,1530624275281.6365,1530624275240.6365,False,352,1530624275241.987,1530624275279.824,0
340,0,1530624275350.6365,1530624275310.6365,False,353,1530624275310.246,1530624275347.762,0
341,0,1530624275440.6365,1530624275377.6365,False,354,1530624275378.271,1530624275437.584,0
342,0,1530624275512.6365,1530624275451.6365,False,355,1530624275452.0461,1530624275509.7568,0
343,0,1530624275552.6365,1530624275523.6365,False,356,1530624275524.583,1530624275549.759,0
344,0,1530624275613.6365,1530624275582.6365,False,357,1530624275583.1702,1530624275610.9302,0
345,0,1530624275688.6365,1530624275646.6365,False,358,1530624275646.525,1530624275685.8691,0
346,0,1530624275748.6365,1530624275719.6365,False,359,1530624275715.167,1530624275745.862,0
347,0,1530624275817.6365,1530624275781.6365,False,360,1530624275783.6072,1530624275813.886,0
348,0,1530624275880.6365,1530624275843.6365,False,361,1530624275844.498,1530624275878.7632,0
349,0,1530624275950.6365,1530624275912.6365,False,362,1530624275913.25,1530624275946.937,0
350,0,1530624276017.6365,1530624275981.6365,False,363,1530624275983.581,1530624276016.2468,0
351,0,1530624276091.6365,1530624276047.6365,False,364,1530624276048.281,1530624276088.968,0
352,0,1530624276153.6365,1530624276112.6365,False,365,1530624276113.561,1530624276151.3489,0
353,0,1530624276220.6365,1530624276182.6365,False,366,1530624276183.166,1530624276217.043,0
354,0,1530624276288.6365,1530624276252.6365,False,367,1530624276252.3472,1530624276285.417,0
355,0,1530624276354.6365,1530624276316.6365,False,368,1530624276317.15,1530624276353.295,0
356,0,1530624276419.6365,1530624276383.6365,False,369,1530624276383.246,1530624276417.159,0
357,0,1530624276512.6365,1530624276451.6365,False,370,1530624276450.024,1530624276510.206,0
358,0,1530624276587.6365,1530624276527.6365,False,371,1530624276524.783,1530624276585.871,0
359,0,1530624276640.6365,1530624276596.6365,False,372,1530624276598.499,1530624276638.7148,0
360,0,1530624276711.6365,1530624276649.6365,False,373,1530624276651.071,1530624276709.336,0
361,0,1530624276790.6365,1530624276731.6365,False,374,1530624276730.177,1530624276789.29,0
362,0,1530624276855.6365,1530624276794.6365,False,375,1530624276796.069,1530624276853.673,0
363,0,1530624276906.6365,1530624276867.6365,False,376,1530624276867.8472,1530624276903.669,0
364,0,1530624276959.6365,1530624276915.6365,False,377,1530624276918.754,1530624276957.445,0
365,0,1530624277023.6365,1530624276986.6365,False,378,1530624276989.618,1530624277020.337,0
366,0,1530624277086.6365,1530624277051.6365,False,379,1530624277052.911,1530624277084.942,0
367,0,1530624277156.6365,1530624277121.6365,False,380,1530624277120.6968,1530624277154.1401,0
368,0,1530624277222.6365,1530624277189.6365,False,381,1530624277189.705,1530624277220.1602,0
369,0,1530624277287.6365,1530624277254.6365,False,382,1530624277255.165,1530624277285.2998,0
370,0,1530624277358.6365,1530624277319.6365,False,383,1530624277320.192,1530624277357.185,0
371,0,1530624277429.6365,1530624277385.6365,False,384,1530624277387.007,1530624277427.7449,0
372,0,1530624277492.6365,1530624277454.6365,False,385,1530624277455.4111,1530624277490.4172,0
373,0,1530624277565.6365,1530624277525.6365,False,386,1530624277522.599,1530624277562.436,0
374,0,1530624277630.6365,1530624277588.6365,False,387,1530624277589.284,1530624277626.331,0
375,0,1530624277709.6365,1530624277671.6365,False,388,1530624277664.6492,1530624277706.245,0
376,0,1530624277760.6365,1530624277726.6365,False,389,1530624277727.479,1530624277758.231,0
377,0,1530624277825.6365,1530624277786.6365,False,390,1530624277787.685,1530624277823.958,0
378,0,1530624277891.6365,1530624277857.6365,False,391,1530624277858.026,1530624277888.992,0
379,0,1530624277962.6365,1530624277926.6365,False,392,1530624277924.31,1530624277959.822,0
380,0,1530624278028.6365,1530624277992.6365,False,393,1530624277992.64,1530624278023.343,0
381,0,1530624278097.6365,1530624278062.6365,False,394,1530624278064.208,1530624278095.8489,0
382,0,1530624278168.6365,1530624278126.6365,False,395,1530624278127.674,1530624278165.629,0
383,0,1530624278226.6365,1530624278196.6365,False,396,1530624278197.032,1530624278225.1719,0
384,0,1530624278296.6365,1530624278258.6365,False,397,1530624278259.538,1530624278295.3699,0
385,0,1530624278366.6365,1530624278325.6365,False,398,1530624278331.025,1530624278363.926,0
386,0,1530624278429.6365,1530624278392.6365,False,399,1530624278393.509,1530624278427.2979,0
387,0,1530624278503.6365,1530624278459.6365,False,400,1530624278460.07,1530624278500.988,0
388,0,1530624278564.6365,1530624278531.6365,False,401,1530624278531.824,1530624278562.399,0
389,0,1530624278637.6365,1530624278591.6365,False,402,1530624278592.7449,1530624278634.639,0
390,0,1530624278703.6365,1530624278662.6365,False,403,1530624278663.541,1530624278701.399,0
391,0,1530624278775.6365,1530624278730.6365,False,404,1530624278728.5662,1530624278772.649,0
392,0,1530624278841.6365,1530624278795.6365,False,405,1530624278798.854,1530624278839.871,0
393,0,1530624278910.6365,1530624278859.6365,False,406,1530624278860.826,1530624278908.3042,0
394,0,1530624279015.6365,1530624278930.6365,False,407,1530624278930.62,1530624279012.625,0
395,0,1530624279654.6365,1530624279029.6365,True,408,1530624279028.03,1530624279548.4229,0
396,0,1530624280367.6365,1530624279694.6365,False,409,1530624279694.221,1530624280270.7202,0
397,0,1530624280980.6365,1530624280376.6365,False,410,1530624280376.5679,1530624280868.492,0
398,0,1530624281041.6365,1530624280989.6365,False,411,1530624280990.393,1530624281038.366,0
399,0,1530624281094.6365,1530624281053.6365,False,412,1530624281053.666,1530624281092.016,0
400,0,1530624281146.6365,1530624281104.6365,False,413,1530624281104.535,1530624281143.4329,0
401,0,1530624281210.6365,1530624281164.6365,False,414,1530624281164.8179,1530624281208.323,0
402,0,1530624281277.6365,1530624281233.6365,False,415,1530624281233.043,1530624281275.052,0
403,0,1530624281340.6365,1530624281302.6365,False,416,1530624281302.481,1530624281338.115,0
404,0,1530624281414.6365,1530624281367.6365,False,417,1530624281367.782,1530624281411.1501,0
405,0,1530624281471.6365,1530624281428.6365,False,418,1530624281430.198,1530624281470.983,0
406,0,1530624281537.6365,1530624281501.6365,False,419,1530624281500.371,1530624281533.51,0
407,0,1530624281610.6365,1530624281570.6365,False,420,1530624281569.9568,1530624281608.1848,0
408,0,1530624281670.6365,1530624281633.6365,False,421,1530624281633.9092,1530624281666.925,0
409,0,1530624281734.6365,1530624281699.6365,False,422,1530624281700.215,1530624281732.281,0
410,0,1530624281809.6365,1530624281774.6365,False,423,1530624281773.851,1530624281806.1182,0
411,0,1530624281873.6365,1530624281835.6365,False,424,1530624281835.996,1530624281870.926,0
412,0,1530624281945.6365,1530624281908.6365,False,425,1530624281905.459,1530624281942.738,0
413,0,1530624282007.6365,1530624281965.6365,False,426,1530624281966.576,1530624282003.384,0
414,0,1530624282072.6365,1530624282035.6365,False,427,1530624282035.563,1530624282070.36,0
415,0,1530624282140.6365,1530624282102.6365,False,428,1530624282102.689,1530624282138.2668,0
416,0,1530624282212.6365,1530624282170.6365,False,429,1530624282170.8188,1530624282210.1338,0
417,0,1530624282302.6365,1530624282237.6365,False,430,1530624282241.7192,1530624282300.475,0
418,0,1530624282347.6365,1530624282311.6365,False,431,1530624282313.574,1530624282344.2861,0
419,0,1530624282414.6365,1530624282371.6365,False,432,1530624282372.1812,1530624282413.287,0
420,0,1530624282479.6365,1530624282439.6365,False,433,1530624282438.87,1530624282476.67,0
421,0,1530624282547.6365,1530624282506.6365,False,434,1530624282504.409,1530624282543.522,0
422,0,1530624282627.6365,1530624282581.6365,False,435,1530624282573.6182,1530624282625.487,0
423,0,1530624282681.6365,1530624282636.6365,False,436,1530624282639.1091,1530624282679.398,0
424,0,1530624282750.6365,1530624282704.6365,False,437,1530624282705.277,1530624282747.667,0
425,0,1530624282818.6365,1530624282775.6365,False,438,1530624282774.6309,1530624282816.472,0
426,0,1530624282898.6365,1530624282840.6365,False,439,1530624282840.355,1530624282896.3591,0
427,0,1530624282968.6365,1530624282912.6365,False,440,1530624282911.925,1530624282965.885,0
428,0,1530624283028.6365,1530624282981.6365,False,441,1530624282978.49,1530624283025.3062,0
429,0,1530624283106.6365,1530624283047.6365,False,442,1530624283042.7,1530624283104.304,0
430,0,1530624283170.6365,1530624283118.6365,False,443,1530624283117.144,1530624283168.2559,0
431,0,1530624283238.6365,1530624283182.6365,False,444,1530624283180.026,1530624283236.396,0
432,0,1530624283299.6365,1530624283247.6365,False,445,1530624283247.554,1530624283298.2651,0
433,0,1530624283351.6365,1530624283306.6365,False,446,1530624283306.979,1530624283350.05,0
434,0,1530624283428.6365,1530624283375.6365,False,447,1530624283376.608,1530624283424.991,0
435,0,1530624283506.6365,1530624283445.6365,False,448,1530624283447.6511,1530624283502.479,0
436,0,1530624283561.6365,1530624283515.6365,False,449,1530624283515.354,1530624283557.919,0
437,0,1530624283626.6365,1530624283578.6365,False,450,1530624283579.145,1530624283623.515,0
438,0,1530624283687.6365,1530624283643.6365,False,451,1530624283643.774,1530624283685.814,0
439,0,1530624283770.6365,1530624283711.6365,False,452,1530624283711.708,1530624283767.916,0
440,0,1530624283822.6365,1530624283786.6365,False,453,1530624283781.733,1530624283820.632,0
441,0,1530624283886.6365,1530624283847.6365,False,454,1530624283847.249,1530624283884.948,0
442,0,1530624283946.6365,1530624283912.6365,False,455,1530624283913.282,1530624283944.177,0
443,0,1530624284038.6365,1530624283979.6365,False,456,1530624283978.734,1530624284035.667,0
444,0,1530624284077.6365,1530624284046.6365,False,457,1530624284047.3381,1530624284076.541,0
445,0,1530624284147.6365,1530624284114.6365,False,458,1530624284113.512,1530624284145.267,0
446,0,1530624284213.6365,1530624284182.6365,False,459,1530624284181.456,1530624284211.34,0
447,0,1530624284294.6365,1530624284252.6365,False,460,1530624284252.405,1530624284292.266,0
448,0,1530624284348.6365,1530624284313.6365,False,461,1530624284313.849,1530624284345.341,0
449,0,1530624284413.6365,1530624284382.6365,False,462,1530624284385.94,1530624284410.226,0
450,0,1530624284486.6365,1530624284449.6365,False,463,1530624284449.456,1530624284484.3,0
451,0,1530624284546.6365,1530624284512.6365,False,464,1530624284513.5251,1530624284543.3489,0
452,0,1530624284615.6365,1530624284581.6365,False,465,1530624284581.9292,1530624284613.1172,0
453,0,1530624284684.6365,1530624284653.6365,False,466,1530624284654.01,1530624284676.62,0
454,0,1530624284745.6365,1530624284716.6365,False,467,1530624284716.3708,1530624284742.233,0
455,0,1530624284809.6365,1530624284783.6365,False,468,1530624284783.346,1530624284808.431,0
456,0,1530624284911.6365,1530624284851.6365,False,469,1530624284851.483,1530624284908.606,0
457,0,1530624284974.6365,1530624284921.6365,False,470,1530624284922.1892,1530624284972.925,0
458,0,1530624285024.6365,1530624284984.6365,False,471,1530624284984.164,1530624285022.627,0
459,0,1530624285091.6365,1530624285051.6365,False,472,1530624285048.9329,1530624285090.5342,0
460,0,1530624285149.6365,1530624285116.6365,False,473,1530624285117.736,1530624285145.243,0
461,0,1530624285227.6365,1530624285188.6365,False,474,1530624285189.631,1530624285226.3982,0
462,0,1530624285291.6365,1530624285247.6365,False,475,1530624285249.6338,1530624285289.553,0
463,0,1530624285345.6365,1530624285315.6365,False,476,1530624285317.3418,1530624285343.439,0
464,0,1530624285422.6365,1530624285386.6365,False,477,1530624285386.8481,1530624285419.9958,0
465,0,1530624285488.6365,1530624285451.6365,False,478,1530624285452.4111,1530624285487.4841,0
466,0,1530624285561.6365,1530624285519.6365,False,479,1530624285520.2212,1530624285559.4531,0
467,0,1530624285617.6365,1530624285587.6365,False,480,1530624285587.905,1530624285613.461,0
468,0,1530624285690.6365,1530624285655.6365,False,481,1530624285655.1182,1530624285689.3071,0
469,0,1530624285745.6365,1530624285721.6365,False,482,1530624285718.989,1530624285744.1729,0
470,0,1530624285822.6365,1530624285788.6365,False,483,1530624285788.8098,1530624285819.86,0
471,0,1530624285895.6365,1530624285859.6365,False,484,1530624285856.868,1530624285891.962,0
472,0,1530624285961.6365,1530624285926.6365,False,485,1530624285926.467,1530624285959.395,0
473,0,1530624286034.6365,1530624285990.6365,False,486,1530624285990.6719,1530624286032.131,0
474,0,1530624286100.6365,1530624286057.6365,False,487,1530624286057.5862,1530624286097.611,0
475,0,1530624286159.6365,1530624286120.6365,False,488,1530624286121.7332,1530624286158.187,0
476,0,1530624286228.6365,1530624286187.6365,False,489,1530624286188.3179,1530624286225.8071,0
477,0,1530624286295.6365,1530624286256.6365,False,490,1530624286257.0908,1530624286292.814,0
478,0,1530624286362.6365,1530624286324.6365,False,491,1530624286324.4302,1530624286360.662,0
479,0,1530624286427.6365,1530624286390.6365,False,492,1530624286391.69,1530624286426.303,0
480,0,1530624286495.6365,1530624286455.6365,False,493,1530624286456.7,1530624286494.1829,0
481,0,1530624286594.6365,1530624286520.6365,False,494,1530624286566.286,1530624286594.1362,0
482,0,1530624286631.6365,1530624286597.6365,False,495,1530624286600.388,1530624286630.396,0
483,0,1530624286679.6365,1530624286655.6365,False,496,1530624286656.439,1530624286678.733,0
484,0,1530624286758.6365,1530624286722.6365,False,497,1530624286724.24,1530624286757.464,0
485,0,1530624286815.6365,1530624286788.6365,False,498,1530624286790.182,1530624286814.416,0
486,0,1530624286895.6365,1530624286858.6365,False,499,1530624286858.522,1530624286893.8599,0
487,0,1530624286962.6365,1530624286923.6365,False,500,1530624286924.869,1530624286960.3872,0
488,0,1530624287031.6365,1530624286991.6365,False,501,1530624286992.439,1530624287028.9702,0
489,0,1530624287081.6365,1530624287056.6365,False,502,1530624287057.58,1530624287080.639,0
490,0,1530624287164.6365,1530624287129.6365,False,503,1530624287129.5261,1530624287161.842,0
491,0,1530624287233.6365,1530624287192.6365,False,504,1530624287194.319,1530624287230.919,0
492,0,1530624287295.6365,1530624287259.6365,False,505,1530624287261.232,1530624287294.929,0
493,0,1530624287361.6365,1530624287329.6365,False,506,1530624287330.448,1530624287360.422,0
494,0,1530624287427.6365,1530624287393.6365,False,507,1530624287394.5781,1530624287426.376,0
495,0,1530624287494.6365,1530624287459.6365,False,508,1530624287460.149,1530624287493.25,0
496,0,1530624287564.6365,1530624287528.6365,False,509,1530624287529.94,1530624287561.093,0
497,0,1530624287628.6365,1530624287595.6365,False,510,1530624287596.455,1530624287626.205,0
498,0,1530624287696.6365,1530624287666.6365,False,511,1530624287664.553,1530624287693.793,0
499,0,1530624287764.6365,1530624287730.6365,False,512,1530624287730.917,1530624287760.52,0
500,0,1530624287829.6365,1530624287796.6365,False,513,1530624287797.471,1530624287827.233,0
501,0,1530624287895.6365,1530624287863.6365,False,514,1530624287865.854,1530624287893.814,0
502,0,1530624287962.6365,1530624287931.6365,False,515,1530624287932.5789,1530624287960.331,0
503,0,1530624288028.6365,1530624287996.6365,False,516,1530624287997.495,1530624288027.308,0
504,0,1530624288095.6365,1530624288061.6365,False,517,1530624288064.875,1530624288094.112,0
505,0,1530624288163.6365,1530624288131.6365,False,518,1530624288133.074,1530624288161.324,0
506,0,1530624288224.6365,1530624288202.6365,False,519,1530624288202.8782,1530624288220.822,0
507,0,1530624288296.6365,1530624288267.6365,False,520,1530624288267.7449,1530624288294.27,0
508,0,1530624288363.6365,1530624288335.6365,False,521,1530624288336.4668,1530624288361.2368,0
509,0,1530624288429.6365,1530624288401.6365,False,522,1530624288401.271,1530624288427.6128,0
510,0,1530624288496.6365,1530624288468.6365,False,523,1530624288468.766,1530624288494.398,0
511,0,1530624288563.6365,1530624288535.6365,False,524,1530624288534.904,1530624288561.114,0
512,0,1530624288629.6365,1530624288603.6365,False,525,1530624288603.6099,1530624288627.845,0
513,0,1530624288714.6365,1530624288669.6365,False,526,1530624288676.385,1530624288712.1162,0
514,0,1530624288778.6365,1530624288736.6365,False,527,1530624288736.6301,1530624288773.516,0
515,0,1530624288832.6365,1530624288802.6365,False,528,1530624288802.789,1530624288829.572,0
516,0,1530624288912.6365,1530624288870.6365,False,529,1530624288870.966,1530624288909.021,0
517,0,1530624288963.6365,1530624288938.6365,False,530,1530624288937.5508,1530624288962.78,0
518,0,1530624289021.6365,1530624289000.6365,False,531,1530624289001.165,1530624289019.553,0
519,0,1530624289115.6365,1530624289076.6365,False,532,1530624289078.0222,1530624289112.755,0
520,0,1530624289169.6365,1530624289138.6365,False,533,1530624289142.811,1530624289166.915,0
521,0,1530624289245.6365,1530624289207.6365,False,534,1530624289206.4539,1530624289241.57,0
522,0,1530624289297.6365,1530624289267.6365,False,535,1530624289268.8818,1530624289296.197,0
523,0,1530624289365.6365,1530624289336.6365,False,536,1530624289337.763,1530624289363.659,0
524,0,1530624289448.6365,1530624289410.6365,False,537,1530624289408.155,1530624289445.6208,0
525,0,1530624289512.6365,1530624289471.6365,False,538,1530624289472.112,1530624289510.231,0
526,0,1530624289566.6365,1530624289540.6365,False,539,1530624289540.1519,1530624289563.1929,0
527,0,1530624289632.6365,1530624289605.6365,False,540,1530624289606.9932,1530624289630.272,0
528,0,1530624289710.6365,1530624289675.6365,False,541,1530624289675.903,1530624289708.3,0
529,0,1530624289780.6365,1530624289740.6365,False,542,1530624289740.821,1530624289777.6372,0
530,0,1530624289837.6365,1530624289808.6365,False,543,1530624289809.377,1530624289832.528,0
531,0,1530624289898.6365,1530624289872.6365,False,544,1530624289874.013,1530624289897.039,0
532,0,1530624289976.6365,1530624289941.6365,False,545,1530624289941.919,1530624289974.002,0
533,0,1530624290039.6365,1530624290009.6365,False,546,1530624290010.0571,1530624290034.335,0
534,0,1530624290103.6365,1530624290076.6365,False,547,1530624290077.378,1530624290100.4739,0
535,0,1530624290164.6365,1530624290141.6365,False,548,1530624290142.0398,1530624290162.731,0
536,0,1530624290249.6365,1530624290214.6365,False,549,1530624290212.139,1530624290246.786,0
537,0,1530624290315.6365,1530624290278.6365,False,550,1530624290278.0999,1530624290313.615,0
538,0,1530624290382.6365,1530624290346.6365,False,551,1530624290344.742,1530624290379.377,0
539,0,1530624290449.6365,1530624290421.6365,False,552,1530624290420.585,1530624290446.8262,0
540,0,1530624290512.6365,1530624290474.6365,False,553,1530624290477.0051,1530624290510.637,0
541,0,1530624290597.6365,1530624290551.6365,False,554,1530624290544.8792,1530624290595.686,0
542,0,1530624290659.6365,1530624290610.6365,False,555,1530624290611.124,1530624290657.987,0
543,0,1530624290766.6365,1530624290679.6365,False,556,1530624290678.4111,1530624290764.732,0
544,0,1530624290848.6365,1530624290775.6365,False,557,1530624290775.4001,1530624290846.9102,0
545,0,1530624291387.6365,1530624290854.6365,True,558,1530624290854.973,1530624291380.524,0
546,0,1530624292040.6365,1530624291426.6365,False,559,1530624291426.824,1530624291930.854,0
547,0,1530624292089.6365,1530624292050.6365,False,560,1530624292050.99,1530624292086.809,0
548,0,1530624292149.6365,1530624292098.6365,False,561,1530624292098.101,1530624292147.041,0
549,0,1530624292202.6365,1530624292163.6365,False,562,1530624292163.148,1530624292201.6719,0
550,0,1530624292269.6365,1530624292229.6365,False,563,1530624292229.8079,1530624292267.323,0
551,0,1530624292334.6365,1530624292294.6365,False,564,1530624292295.745,1530624292332.695,0
552,0,1530624292403.6365,1530624292367.6365,False,565,1530624292366.197,1530624292400.889,0
553,0,1530624292470.6365,1530624292430.6365,False,566,1530624292431.2659,1530624292467.5361,0
554,0,1530624292536.6365,1530624292499.6365,False,567,1530624292498.294,1530624292533.438,0
555,0,1530624292602.6365,1530624292564.6365,False,568,1530624292564.033,1530624292601.6948,0
556,0,1530624292665.6365,1530624292627.6365,False,569,1530624292629.253,1530624292664.141,0
557,0,1530624292734.6365,1530624292697.6365,False,570,1530624292697.641,1530624292733.939,0
558,0,1530624292806.6365,1530624292761.6365,False,571,1530624292763.05,1530624292806.1829,0
559,0,1530624292869.6365,1530624292830.6365,False,572,1530624292830.989,1530624292866.824,0
560,0,1530624292936.6365,1530624292901.6365,False,573,1530624292904.982,1530624292934.8142,0
561,0,1530624293005.6365,1530624292972.6365,False,574,1530624292969.8982,1530624293002.363,0
562,0,1530624293069.6365,1530624293036.6365,False,575,1530624293035.059,1530624293068.092,0
563,0,1530624293136.6365,1530624293100.6365,False,576,1530624293099.813,1530624293134.8489,0
564,0,1530624293205.6365,1530624293169.6365,False,577,1530624293169.133,1530624293202.216,0
565,0,1530624293270.6365,1530624293235.6365,False,578,1530624293236.486,1530624293268.6821,0
566,0,1530624293338.6365,1530624293301.6365,False,579,1530624293302.758,1530624293336.116,0
567,0,1530624293419.6365,1530624293372.6365,False,580,1530624293371.6848,1530624293417.7559,0
568,0,1530624293475.6365,1530624293434.6365,False,581,1530624293435.0388,1530624293472.689,0
569,0,1530624293558.6365,1530624293506.6365,False,582,1530624293506.178,1530624293555.333,0
570,0,1530624293619.6365,1530624293571.6365,False,583,1530624293570.732,1530624293617.06,0
571,0,1530624293687.6365,1530624293636.6365,False,584,1530624293636.5032,1530624293685.454,0
572,0,1530624293756.6365,1530624293704.6365,False,585,1530624293705.6472,1530624293753.61,0
573,0,1530624293824.6365,1530624293772.6365,False,586,1530624293771.392,1530624293821.879,0
574,0,1530624293893.6365,1530624293838.6365,False,587,1530624293839.154,1530624293891.299,0
575,0,1530624293955.6365,1530624293905.6365,False,588,1530624293906.125,1530624293953.249,0
576,0,1530624294019.6365,1530624293970.6365,False,589,1530624293972.587,1530624294017.441,0
577,0,1530624294085.6365,1530624294039.6365,False,590,1530624294038.781,1530624294082.696,0
578,0,1530624294154.6365,1530624294106.6365,False,591,1530624294105.086,1530624294152.0078,0
579,0,1530624294221.6365,1530624294178.6365,False,592,1530624294172.471,1530624294219.446,0
580,0,1530624294284.6365,1530624294236.6365,False,593,1530624294237.5261,1530624294282.311,0
581,0,1530624294355.6365,1530624294312.6365,False,594,1530624294309.24,1530624294351.638,0
582,0,1530624294422.6365,1530624294375.6365,False,595,1530624294374.257,1530624294419.53,0
583,0,1530624294513.6365,1530624294441.6365,False,596,1530624294441.902,1530624294511.578,0
584,0,1530624294568.6365,1530624294520.6365,False,597,1530624294520.043,1530624294566.2322,0
585,0,1530624294625.6365,1530624294581.6365,False,598,1530624294582.1948,1530624294623.797,0
586,0,1530624294685.6365,1530624294639.6365,False,599,1530624294640.49,1530624294683.3281,0
587,0,1530624294755.6365,1530624294710.6365,False,600,1530624294712.235,1530624294753.496,0
588,0,1530624294818.6365,1530624294776.6365,False,601,1530624294775.206,1530624294817.8508,0
589,0,1530624294885.6365,1530624294839.6365,False,602,1530624294840.7998,1530624294884.927,0
590,0,1530624294951.6365,1530624294906.6365,False,603,1530624294907.6028,1530624294950.575,0
591,0,1530624295017.6365,1530624294972.6365,False,604,1530624294973.579,1530624295016.7212,0
592,0,1530624295084.6365,1530624295039.6365,False,605,1530624295042.163,1530624295083.581,0
593,0,1530624295149.6365,1530624295106.6365,False,606,1530624295108.026,1530624295148.492,0
594,0,1530624295218.6365,1530624295172.6365,False,607,1530624295176.3792,1530624295217.513,0
595,0,1530624295282.6365,1530624295241.6365,False,608,1530624295242.732,1530624295281.498,0
596,0,1530624295351.6365,1530624295306.6365,False,609,1530624295308.194,1530624295350.874,0
597,0,1530624295415.6365,1530624295375.6365,False,610,1530624295376.553,1530624295414.142,0
598,0,1530624295471.6365,1530624295444.6365,False,611,1530624295444.596,1530624295468.9958,0
599,0,1530624295538.6365,1530624295509.6365,False,612,1530624295511.114,1530624295536.844,0
600,0,1530624295616.6365,1530624295578.6365,False,613,1530624295578.666,1530624295615.21,0
601,0,1530624295686.6365,1530624295647.6365,False,614,1530624295647.633,1530624295684.445,0
602,0,1530624295756.6365,1530624295711.6365,False,615,1530624295712.244,1530624295753.83,0
603,0,1530624295819.6365,1530624295787.6365,False,616,1530624295783.162,1530624295817.477,0
604,0,1530624295888.6365,1530624295849.6365,False,617,1530624295849.835,1530624295885.742,0
605,0,1530624295940.6365,1530624295913.6365,False,618,1530624295914.033,1530624295938.862,0
606,0,1530624296006.6365,1530624295981.6365,False,619,1530624295980.5908,1530624296004.1692,0
607,0,1530624296087.6365,1530624296048.6365,False,620,1530624296050.387,1530624296086.135,0
608,0,1530624296150.6365,1530624296113.6365,False,621,1530624296114.834,1530624296149.274,0
609,0,1530624296208.6365,1530624296181.6365,False,622,1530624296182.0051,1530624296206.4001,0
610,0,1530624296286.6365,1530624296247.6365,False,623,1530624296248.8792,1530624296284.481,0
611,0,1530624296352.6365,1530624296314.6365,False,624,1530624296315.657,1530624296350.095,0
612,0,1530624296419.6365,1530624296382.6365,False,625,1530624296382.748,1530624296416.636,0
613,0,1530624296489.6365,1530624296451.6365,False,626,1530624296450.645,1530624296487.29,0
614,0,1530624296558.6365,1530624296529.6365,False,627,1530624296522.451,1530624296554.676,0
615,0,1530624296619.6365,1530624296581.6365,False,628,1530624296582.925,1530624296616.87,0
616,0,1530624296687.6365,1530624296652.6365,False,629,1530624296653.171,1530624296685.717,0
617,0,1530624296758.6365,1530624296717.6365,False,630,1530624296720.032,1530624296755.907,0
618,0,1530624296826.6365,1530624296783.6365,False,631,1530624296784.422,1530624296822.666,0
619,0,1530624296886.6365,1530624296853.6365,False,632,1530624296853.806,1530624296884.865,0
620,0,1530624296955.6365,1530624296921.6365,False,633,1530624296923.856,1530624296951.655,0
621,0,1530624297020.6365,1530624296984.6365,False,634,1530624296986.3582,1530624297018.469,0
622,0,1530624297087.6365,1530624297052.6365,False,635,1530624297053.157,1530624297085.1091,0
623,0,1530624297155.6365,1530624297121.6365,False,636,1530624297121.498,1530624297152.0698,0
624,0,1530624297221.6365,1530624297186.6365,False,637,1530624297187.035,1530624297218.808,0
625,0,1530624297296.6365,1530624297259.6365,False,638,1530624297259.6438,1530624297293.861,0
626,0,1530624297359.6365,1530624297321.6365,False,639,1530624297321.619,1530624297357.8582,0
627,0,1530624297426.6365,1530624297389.6365,False,640,1530624297389.997,1530624297424.8552,0
628,0,1530624297488.6365,1530624297455.6365,False,641,1530624297456.116,1530624297485.894,0
629,0,1530624297555.6365,1530624297522.6365,False,642,1530624297523.288,1530624297553.0908,0
630,0,1530624297620.6365,1530624297593.6365,False,643,1530624297590.834,1530624297619.363,0
631,0,1530624297688.6365,1530624297652.6365,False,644,1530624297654.395,1530624297685.5452,0
632,0,1530624297755.6365,1530624297721.6365,False,645,1530624297722.212,1530624297753.1538,0
633,0,1530624297822.6365,1530624297795.6365,False,646,1530624297791.175,1530624297820.0771,0
634,0,1530624297892.6365,1530624297856.6365,False,647,1530624297856.635,1530624297886.498,0
635,0,1530624297953.6365,1530624297924.6365,False,648,1530624297925.317,1530624297952.5579,0
636,0,1530624298019.6365,1530624297987.6365,False,649,1530624297990.3152,1530624298019.127,0
637,0,1530624298086.6365,1530624298053.6365,False,650,1530624298055.344,1530624298085.751,0
638,0,1530624298154.6365,1530624298121.6365,False,651,1530624298125.146,1530624298151.543,0
639,0,1530624298221.6365,1530624298192.6365,False,652,1530624298192.4858,1530624298219.486,0
640,0,1530624298289.6365,1530624298259.6365,False,653,1530624298260.774,1530624298286.739,0
641,0,1530624298355.6365,1530624298326.6365,False,654,1530624298326.904,1530624298353.019,0
642,0,1530624298439.6365,1530624298395.6365,False,655,1530624298395.896,1530624298436.022,0
643,0,1530624298494.6365,1530624298460.6365,False,656,1530624298464.377,1530624298493.424,0
644,0,1530624298564.6365,1530624298531.6365,False,657,1530624298530.449,1530624298561.222,0
645,0,1530624298621.6365,1530624298593.6365,False,658,1530624298594.716,1530624298619.511,0
646,0,1530624298688.6365,1530624298660.6365,False,659,1530624298661.414,1530624298686.4092,0
647,0,1530624298759.6365,1530624298733.6365,False,660,1530624298733.869,1530624298757.1738,0
648,0,1530624298835.6365,1530624298796.6365,False,661,1530624298797.239,1530624298832.713,0
649,0,1530624298905.6365,1530624298869.6365,False,662,1530624298868.861,1530624298904.2158,0
650,0,1530624298976.6365,1530624298927.6365,False,663,1530624298928.068,1530624298973.718,0
651,0,1530624299044.6365,1530624298996.6365,False,664,1530624298996.707,1530624299042.2578,0
652,0,1530624299121.6365,1530624299066.6365,False,665,1530624299065.124,1530624299119.808,0
653,0,1530624299185.6365,1530624299129.6365,False,666,1530624299130.247,1530624299183.3882,0
654,0,1530624299246.6365,1530624299198.6365,False,667,1530624299198.444,1530624299244.261,0
655,0,1530624299318.6365,1530624299263.6365,False,668,1530624299264.833,1530624299315.935,0
656,0,1530624299379.6365,1530624299332.6365,False,669,1530624299332.519,1530624299376.5278,0
657,0,1530624299445.6365,1530624299401.6365,False,670,1530624299398.305,1530624299442.436,0
658,0,1530624299510.6365,1530624299465.6365,False,671,1530624299465.824,1530624299508.214,0
659,0,1530624299579.6365,1530624299534.6365,False,672,1530624299533.514,1530624299577.8818,0
660,0,1530624299681.6365,1530624299599.6365,False,673,1530624299599.695,1530624299679.249,0
